<?xml version="1.0" encoding="UTF-8"?>
<result>
<face>
<position>0.537500 0.230469 0.041667 0.079687</position>
<age>30-35</age>
<age_conf>0.84401</age_conf>
<gender>male</gender>
<gender_conf>0.999902</gender_conf>
<race>Caucasian</race>
<race_conf>0.994171</race_conf>
<loyalty>high</loyalty>
<loyalty_conf>0.766666666667</loyalty_conf>
</face>
<face>
<position>0.412500 0.292969 0.038542 0.070312</position>
<age>30-35</age>
<age_conf>0.403941</age_conf>
<gender>female</gender>
<gender_conf>0.996745</gender_conf>
<race>Asian</race>
<race_conf>0.76146</race_conf>
<loyalty>high</loyalty>
<loyalty_conf>0.866666666667</loyalty_conf>
</face>
</result>
