<?xml version="1.0" encoding="UTF-8"?>
<result>
<face>
<position>0.353125 0.285938 0.043750 0.090625</position>
<age>35-40</age>
<age_conf>0.727506</age_conf>
<gender>female</gender>
<gender_conf>1.0</gender_conf>
<race>Asian</race>
<race_conf>0.948293</race_conf>
<loyalty>middle</loyalty>
<loyalty_conf>0.35</loyalty_conf>
</face>
<face>
<position>0.640104 0.350000 0.039583 0.080469</position>
<age>0-20</age>
<age_conf>0.546566</age_conf>
<gender>female</gender>
<gender_conf>0.999837</gender_conf>
<race>Asian</race>
<race_conf>0.717635</race_conf>
<loyalty>high</loyalty>
<loyalty_conf>0.7</loyalty_conf>
</face>
<face>
<position>0.307812 0.220312 0.037500 0.066406</position>
<age>30-35</age>
<age_conf>0.520305</age_conf>
<gender>male</gender>
<gender_conf>0.99891</gender_conf>
<race>Caucasian</race>
<race_conf>0.996911</race_conf>
<loyalty>high</loyalty>
<loyalty_conf>0.433333333333</loyalty_conf>
</face>
<face>
<position>0.554167 0.386719 0.036979 0.069531</position>
<age>0-20</age>
<age_conf>0.999804</age_conf>
<gender>male</gender>
<gender_conf>0.900651</gender_conf>
<race>Hispanic</race>
<race_conf>0.561358</race_conf>
<loyalty>high</loyalty>
<loyalty_conf>0.266666666667</loyalty_conf>
</face>
<face>
<position>0.447396 0.267969 0.041146 0.074219</position>
<age>25-30</age>
<age_conf>0.809464</age_conf>
<gender>female</gender>
<gender_conf>0.930403</gender_conf>
<race>Hispanic</race>
<race_conf>0.912009</race_conf>
<loyalty>high</loyalty>
<loyalty_conf>0.6</loyalty_conf>
</face>
</result>
