<?xml version="1.0" encoding="UTF-8"?>
<result>
<face>
<position>0.157812 0.306250 0.037500 0.071875</position>
<age>20-25</age>
<age_conf>0.944202</age_conf>
<gender>female</gender>
<gender_conf>1.0</gender_conf>
<race>Caucasian</race>
<race_conf>0.994093</race_conf>
<loyalty>middle</loyalty>
<loyalty_conf>0.55</loyalty_conf>
</face>
<face>
<position>0.342708 0.232031 0.038542 0.077344</position>
<age>45-50</age>
<age_conf>0.96051</age_conf>
<gender>male</gender>
<gender_conf>1.0</gender_conf>
<race>African</race>
<race_conf>0.976142</race_conf>
<loyalty>middle</loyalty>
<loyalty_conf>0.95</loyalty_conf>
</face>
<face>
<position>0.419271 0.303906 0.040625 0.079687</position>
<age>20-25</age>
<age_conf>0.641249</age_conf>
<gender>male</gender>
<gender_conf>0.997173</gender_conf>
<race>African</race>
<race_conf>0.435004</race_conf>
<loyalty>high</loyalty>
<loyalty_conf>0.866666666667</loyalty_conf>
</face>
<face>
<position>0.535417 0.297656 0.043750 0.089844</position>
<age>30-35</age>
<age_conf>0.836372</age_conf>
<gender>female</gender>
<gender_conf>0.999918</gender_conf>
<race>Caucasian</race>
<race_conf>0.993964</race_conf>
<loyalty>high</loyalty>
<loyalty_conf>0.866666666667</loyalty_conf>
</face>
<face>
<position>0.257812 0.292187 0.035417 0.076563</position>
<age>0-20</age>
<age_conf>0.998074</age_conf>
<gender>female</gender>
<gender_conf>0.999989</gender_conf>
<race>Caucasian</race>
<race_conf>0.858384</race_conf>
<loyalty>high</loyalty>
<loyalty_conf>0.833333333333</loyalty_conf>
</face>
<face>
<position>0.622917 0.235937 0.051562 0.103906</position>
<age>30-35</age>
<age_conf>0.719702</age_conf>
<gender>female</gender>
<gender_conf>0.998633</gender_conf>
<race>African</race>
<race_conf>0.999931</race_conf>
<loyalty>high</loyalty>
<loyalty_conf>0.866666666667</loyalty_conf>
</face>
</result>
