<?xml version="1.0" encoding="UTF-8"?>
<result>
<face>
<position>0.336979 0.245312 0.046354 0.090625</position>
<age>40-45</age>
<age_conf>0.753055</age_conf>
<gender>female</gender>
<gender_conf>0.997437</gender_conf>
<race>African</race>
<race_conf>0.997984</race_conf>
<loyalty>high</loyalty>
<loyalty_conf>0.8</loyalty_conf>
</face>
<face>
<position>0.592187 0.259375 0.048438 0.094531</position>
<age>35-40</age>
<age_conf>0.898692</age_conf>
<gender>female</gender>
<gender_conf>1.0</gender_conf>
<race>Caucasian</race>
<race_conf>0.991771</race_conf>
<loyalty>high</loyalty>
<loyalty_conf>0.766666666667</loyalty_conf>
</face>
</result>
