<?xml version="1.0" encoding="UTF-8"?>
<result>
<face>
<position>0.495312 0.201563 0.054688 0.102344</position>
<age>35-40</age>
<age_conf>0.946607</age_conf>
<gender>male</gender>
<gender_conf>0.996315</gender_conf>
<race>Caucasian</race>
<race_conf>0.999477</race_conf>
<loyalty>low</loyalty>
<loyalty_conf>0.9</loyalty_conf>
</face>
<face>
<position>0.407292 0.318750 0.043750 0.084375</position>
<age>40-45</age>
<age_conf>0.801551</age_conf>
<gender>female</gender>
<gender_conf>0.999998</gender_conf>
<race>Caucasian</race>
<race_conf>0.997258</race_conf>
<loyalty>low</loyalty>
<loyalty_conf>0.866666666667</loyalty_conf>
</face>
</result>
