<?xml version="1.0" encoding="UTF-8"?>
<result>
<face>
<position>0.516146 0.340625 0.041667 0.078906</position>
<age>0-20</age>
<age_conf>0.991934</age_conf>
<gender>female</gender>
<gender_conf>0.999956</gender_conf>
<race>Asian</race>
<race_conf>0.924447</race_conf>
<loyalty>high</loyalty>
<loyalty_conf>0.9</loyalty_conf>
</face>
<face>
<position>0.659896 0.256250 0.043229 0.089844</position>
<age>40-45</age>
<age_conf>0.545455</age_conf>
<gender>female</gender>
<gender_conf>0.991869</gender_conf>
<race>Asian</race>
<race_conf>0.654992</race_conf>
<loyalty>high</loyalty>
<loyalty_conf>0.666666666667</loyalty_conf>
</face>
<face>
<position>0.403646 0.282031 0.040625 0.073438</position>
<age>40-45</age>
<age_conf>0.616139</age_conf>
<gender>female</gender>
<gender_conf>0.501762</gender_conf>
<race>African</race>
<race_conf>0.99088</race_conf>
<loyalty>high</loyalty>
<loyalty_conf>0.866666666667</loyalty_conf>
</face>
<face>
<position>0.186458 0.295312 0.034896 0.072656</position>
<age>0-20</age>
<age_conf>0.756694</age_conf>
<gender>female</gender>
<gender_conf>0.999819</gender_conf>
<race>Caucasian</race>
<race_conf>0.999485</race_conf>
<loyalty>high</loyalty>
<loyalty_conf>0.833333333333</loyalty_conf>
</face>
</result>
