<?xml version="1.0" encoding="UTF-8"?>
<result>
<face>
<position>0.359896 0.261719 0.043229 0.089063</position>
<age>0-20</age>
<age_conf>0.52228</age_conf>
<gender>female</gender>
<gender_conf>0.999996</gender_conf>
<race>Asian</race>
<race_conf>0.889375</race_conf>
<loyalty>high</loyalty>
<loyalty_conf>0.8</loyalty_conf>
</face>
<face>
<position>0.297917 0.230469 0.042708 0.079687</position>
<age>30-35</age>
<age_conf>0.589434</age_conf>
<gender>female</gender>
<gender_conf>0.999993</gender_conf>
<race>Caucasian</race>
<race_conf>0.990054</race_conf>
<loyalty>high</loyalty>
<loyalty_conf>0.0333333333333</loyalty_conf>
</face>
</result>
