<?xml version="1.0" encoding="UTF-8"?>
<result>
<face>
<position>0.525521 0.342187 0.037500 0.073438</position>
<age>0-20</age>
<age_conf>1.0</age_conf>
<gender>female</gender>
<gender_conf>0.999008</gender_conf>
<race>Caucasian</race>
<race_conf>0.98516</race_conf>
<loyalty>high</loyalty>
<loyalty_conf>0.733333333333</loyalty_conf>
</face>
<face>
<position>0.451042 0.530469 0.038021 0.070312</position>
<age>25-30</age>
<age_conf>0.367115</age_conf>
<gender>female</gender>
<gender_conf>0.999992</gender_conf>
<race>African</race>
<race_conf>0.998262</race_conf>
<loyalty>high</loyalty>
<loyalty_conf>0.833333333333</loyalty_conf>
</face>
<face>
<position>0.311458 0.258594 0.041667 0.076563</position>
<age>20-25</age>
<age_conf>0.808977</age_conf>
<gender>female</gender>
<gender_conf>0.99995</gender_conf>
<race>Caucasian</race>
<race_conf>0.694195</race_conf>
<loyalty>high</loyalty>
<loyalty_conf>0.8</loyalty_conf>
</face>
<face>
<position>0.409896 0.248438 0.045833 0.092969</position>
<age>30-35</age>
<age_conf>0.786253</age_conf>
<gender>female</gender>
<gender_conf>0.988748</gender_conf>
<race>African</race>
<race_conf>0.846499</race_conf>
<loyalty>high</loyalty>
<loyalty_conf>0.733333333333</loyalty_conf>
</face>
</result>
