<?xml version="1.0" encoding="UTF-8"?>
<result>
<face>
<position>0.472396 0.363281 0.041146 0.075000</position>
<age>35-40</age>
<age_conf>0.912244</age_conf>
<gender>female</gender>
<gender_conf>1.0</gender_conf>
<race>African</race>
<race_conf>0.605999</race_conf>
<loyalty>low</loyalty>
<loyalty_conf>0.966666666667</loyalty_conf>
</face>
<face>
<position>0.369271 0.280469 0.035417 0.062500</position>
<age>20-25</age>
<age_conf>0.431029</age_conf>
<gender>female</gender>
<gender_conf>0.999692</gender_conf>
<race>Caucasian</race>
<race_conf>0.999423</race_conf>
<loyalty>high</loyalty>
<loyalty_conf>0.933333333333</loyalty_conf>
</face>
</result>
