<?xml version="1.0" encoding="UTF-8"?>
<result>
<face>
<position>0.414062 0.320312 0.041667 0.086719</position>
<age>0-20</age>
<age_conf>0.69716</age_conf>
<gender>female</gender>
<gender_conf>0.999999</gender_conf>
<race>Caucasian</race>
<race_conf>0.997361</race_conf>
<loyalty>low</loyalty>
<loyalty_conf>0.9</loyalty_conf>
</face>
<face>
<position>0.320833 0.284375 0.042188 0.081250</position>
<age>0-20</age>
<age_conf>0.996964</age_conf>
<gender>female</gender>
<gender_conf>0.993662</gender_conf>
<race>African</race>
<race_conf>0.92843</race_conf>
<loyalty>high</loyalty>
<loyalty_conf>0.833333333333</loyalty_conf>
</face>
<face>
<position>0.559375 0.294531 0.044792 0.089844</position>
<age>25-30</age>
<age_conf>0.613832</age_conf>
<gender>female</gender>
<gender_conf>0.999926</gender_conf>
<race>Caucasian</race>
<race_conf>0.999267</race_conf>
<loyalty>high</loyalty>
<loyalty_conf>0.833333333333</loyalty_conf>
</face>
<face>
<position>0.684375 0.256250 0.033333 0.071875</position>
<age>0-20</age>
<age_conf>0.990751</age_conf>
<gender>female</gender>
<gender_conf>0.999499</gender_conf>
<race>Hispanic</race>
<race_conf>0.615857</race_conf>
<loyalty>middle</loyalty>
<loyalty_conf>0.75</loyalty_conf>
</face>
<face>
<position>0.195312 0.274219 0.036458 0.071875</position>
<age>35-40</age>
<age_conf>0.635565</age_conf>
<gender>female</gender>
<gender_conf>0.995273</gender_conf>
<race>Caucasian</race>
<race_conf>0.967536</race_conf>
<loyalty>high</loyalty>
<loyalty_conf>0.733333333333</loyalty_conf>
</face>
</result>
