<?xml version="1.0" encoding="UTF-8"?>
<result>
<face>
<position>0.735938 0.355469 0.048958 0.092188</position>
<age>25-30</age>
<age_conf>0.924922</age_conf>
<gender>female</gender>
<gender_conf>0.997898</gender_conf>
<race>Caucasian</race>
<race_conf>0.711071</race_conf>
<loyalty>high</loyalty>
<loyalty_conf>0.633333333333</loyalty_conf>
</face>
<face>
<position>0.310937 0.291406 0.041667 0.082031</position>
<age>35-40</age>
<age_conf>0.277237</age_conf>
<gender>female</gender>
<gender_conf>0.966388</gender_conf>
<race>Caucasian</race>
<race_conf>0.577956</race_conf>
<loyalty>high</loyalty>
<loyalty_conf>0.933333333333</loyalty_conf>
</face>
</result>
