<?xml version="1.0" encoding="UTF-8"?>
<result>
<face>
<position>0.355208 0.246094 0.042708 0.072656</position>
<age>35-40</age>
<age_conf>0.605374</age_conf>
<gender>female</gender>
<gender_conf>0.998887</gender_conf>
<race>Caucasian</race>
<race_conf>0.79669</race_conf>
<loyalty>high</loyalty>
<loyalty_conf>0.933333333333</loyalty_conf>
</face>
<face>
<position>0.511979 0.485938 0.041667 0.071094</position>
<age>35-40</age>
<age_conf>0.516799</age_conf>
<gender>female</gender>
<gender_conf>0.999994</gender_conf>
<race>Caucasian</race>
<race_conf>0.998966</race_conf>
<loyalty>high</loyalty>
<loyalty_conf>0.733333333333</loyalty_conf>
</face>
</result>
