<?xml version="1.0" encoding="UTF-8"?>
<result>
<face>
<position>0.648438 0.282031 0.035417 0.078125</position>
<age>0-20</age>
<age_conf>0.569818</age_conf>
<gender>female</gender>
<gender_conf>0.999476</gender_conf>
<race>Asian</race>
<race_conf>0.712497</race_conf>
<loyalty>high</loyalty>
<loyalty_conf>0.7</loyalty_conf>
</face>
<face>
<position>0.278125 0.285938 0.033333 0.073438</position>
<age>0-20</age>
<age_conf>0.999987</age_conf>
<gender>female</gender>
<gender_conf>0.999701</gender_conf>
<race>Hispanic</race>
<race_conf>0.987487</race_conf>
<loyalty>high</loyalty>
<loyalty_conf>0.466666666667</loyalty_conf>
</face>
<face>
<position>0.324479 0.261719 0.044271 0.089063</position>
<age>35-40</age>
<age_conf>0.59919</age_conf>
<gender>female</gender>
<gender_conf>0.992319</gender_conf>
<race>Hispanic</race>
<race_conf>0.477483</race_conf>
<loyalty>high</loyalty>
<loyalty_conf>0.9</loyalty_conf>
</face>
</result>
