<?xml version="1.0" encoding="UTF-8"?>
<result>
<face>
<position>0.478646 0.236719 0.035417 0.071094</position>
<age>45-50</age>
<age_conf>0.892494</age_conf>
<gender>female</gender>
<gender_conf>0.999076</gender_conf>
<race>Caucasian</race>
<race_conf>0.869417</race_conf>
<loyalty>high</loyalty>
<loyalty_conf>0.833333333333</loyalty_conf>
</face>
<face>
<position>0.321875 0.236719 0.033854 0.059375</position>
<age>30-35</age>
<age_conf>0.995981</age_conf>
<gender>male</gender>
<gender_conf>0.982197</gender_conf>
<race>Hispanic</race>
<race_conf>0.505806</race_conf>
<loyalty>low</loyalty>
<loyalty_conf>0.5</loyalty_conf>
</face>
<face>
<position>0.414583 0.232031 0.038021 0.071094</position>
<age>30-35</age>
<age_conf>0.551057</age_conf>
<gender>male</gender>
<gender_conf>0.999937</gender_conf>
<race>Hispanic</race>
<race_conf>0.492758</race_conf>
<loyalty>high</loyalty>
<loyalty_conf>0.8</loyalty_conf>
</face>
<face>
<position>0.546354 0.451562 0.032813 0.065625</position>
<age>0-20</age>
<age_conf>0.998232</age_conf>
<gender>female</gender>
<gender_conf>0.553429</gender_conf>
<race>Caucasian</race>
<race_conf>0.919577</race_conf>
<loyalty>high</loyalty>
<loyalty_conf>0.833333333333</loyalty_conf>
</face>
<face>
<position>0.454688 0.396094 0.038021 0.075781</position>
<age>35-40</age>
<age_conf>0.497918</age_conf>
<gender>female</gender>
<gender_conf>0.999967</gender_conf>
<race>Hispanic</race>
<race_conf>0.63325</race_conf>
<loyalty>high</loyalty>
<loyalty_conf>0.866666666667</loyalty_conf>
</face>
</result>
