<?xml version="1.0" encoding="UTF-8"?>
<result>
<face>
<position>0.607812 0.238281 0.042708 0.088281</position>
<age>0-20</age>
<age_conf>0.945482</age_conf>
<gender>female</gender>
<gender_conf>0.999949</gender_conf>
<race>Caucasian</race>
<race_conf>0.99864</race_conf>
<loyalty>high</loyalty>
<loyalty_conf>0.766666666667</loyalty_conf>
</face>
<face>
<position>0.524479 0.255469 0.044271 0.078906</position>
<age>40-45</age>
<age_conf>0.926547</age_conf>
<gender>female</gender>
<gender_conf>0.999996</gender_conf>
<race>Caucasian</race>
<race_conf>0.999107</race_conf>
<loyalty>high</loyalty>
<loyalty_conf>0.5</loyalty_conf>
</face>
<face>
<position>0.390104 0.207813 0.041667 0.075781</position>
<age>40-45</age>
<age_conf>0.486548</age_conf>
<gender>male</gender>
<gender_conf>0.997938</gender_conf>
<race>Caucasian</race>
<race_conf>0.844408</race_conf>
<loyalty>high</loyalty>
<loyalty_conf>0.866666666667</loyalty_conf>
</face>
</result>
