<?xml version="1.0" encoding="UTF-8"?>
<result>
<face>
<position>0.370833 0.260156 0.045312 0.086719</position>
<age>35-40</age>
<age_conf>0.940621</age_conf>
<gender>female</gender>
<gender_conf>0.920837</gender_conf>
<race>Hispanic</race>
<race_conf>0.644626</race_conf>
<loyalty>high</loyalty>
<loyalty_conf>0.933333333333</loyalty_conf>
</face>
<face>
<position>0.302604 0.271875 0.038021 0.064062</position>
<age>0-20</age>
<age_conf>0.590993</age_conf>
<gender>female</gender>
<gender_conf>0.999966</gender_conf>
<race>Caucasian</race>
<race_conf>0.896868</race_conf>
<loyalty>high</loyalty>
<loyalty_conf>0.933333333333</loyalty_conf>
</face>
</result>
