<?xml version="1.0" encoding="UTF-8"?>
<result>
<face>
<position>0.433333 0.230469 0.040104 0.078906</position>
<age>20-25</age>
<age_conf>0.965855</age_conf>
<gender>female</gender>
<gender_conf>0.688676</gender_conf>
<race>Hispanic</race>
<race_conf>0.860447</race_conf>
<loyalty>high</loyalty>
<loyalty_conf>0.666666666667</loyalty_conf>
</face>
<face>
<position>0.390104 0.314063 0.043229 0.084375</position>
<age>0-20</age>
<age_conf>0.997315</age_conf>
<gender>female</gender>
<gender_conf>0.998494</gender_conf>
<race>African</race>
<race_conf>0.891049</race_conf>
<loyalty>high</loyalty>
<loyalty_conf>0.866666666667</loyalty_conf>
</face>
</result>
