<?xml version="1.0" encoding="UTF-8"?>
<result>
<face>
<position>0.326562 0.242969 0.048958 0.096875</position>
<age>30-35</age>
<age_conf>0.934403</age_conf>
<gender>female</gender>
<gender_conf>0.999326</gender_conf>
<race>Caucasian</race>
<race_conf>0.999331</race_conf>
<loyalty>high</loyalty>
<loyalty_conf>0.8</loyalty_conf>
</face>
<face>
<position>0.258854 0.350781 0.040625 0.081250</position>
<age>35-40</age>
<age_conf>0.906442</age_conf>
<gender>female</gender>
<gender_conf>0.999995</gender_conf>
<race>Caucasian</race>
<race_conf>0.999913</race_conf>
<loyalty>high</loyalty>
<loyalty_conf>0.533333333333</loyalty_conf>
</face>
</result>
