<?xml version="1.0" encoding="UTF-8"?>
<result>
<face>
<position>0.421354 0.201563 0.046354 0.090625</position>
<age>30-35</age>
<age_conf>0.952376</age_conf>
<gender>male</gender>
<gender_conf>0.999994</gender_conf>
<race>African</race>
<race_conf>0.797875</race_conf>
<loyalty>high</loyalty>
<loyalty_conf>0.166666666667</loyalty_conf>
</face>
<face>
<position>0.654687 0.216406 0.046354 0.089063</position>
<age>35-40</age>
<age_conf>0.971615</age_conf>
<gender>female</gender>
<gender_conf>0.999999</gender_conf>
<race>Hispanic</race>
<race_conf>0.728141</race_conf>
<loyalty>high</loyalty>
<loyalty_conf>0.8</loyalty_conf>
</face>
<face>
<position>0.594271 0.213281 0.042708 0.089844</position>
<age>0-20</age>
<age_conf>0.999999</age_conf>
<gender>female</gender>
<gender_conf>0.943377</gender_conf>
<race>Hispanic</race>
<race_conf>0.9241</race_conf>
<loyalty>high</loyalty>
<loyalty_conf>0.5</loyalty_conf>
</face>
<face>
<position>0.330208 0.229687 0.034896 0.078125</position>
<age>35-40</age>
<age_conf>0.526763</age_conf>
<gender>female</gender>
<gender_conf>0.999999</gender_conf>
<race>Hispanic</race>
<race_conf>0.833607</race_conf>
<loyalty>high</loyalty>
<loyalty_conf>0.866666666667</loyalty_conf>
</face>
</result>
