<?xml version="1.0" encoding="UTF-8"?>
<result>
<face>
<position>0.324479 0.245312 0.039583 0.084375</position>
<age>30-35</age>
<age_conf>0.874243</age_conf>
<gender>female</gender>
<gender_conf>1.0</gender_conf>
<race>Caucasian</race>
<race_conf>0.99085</race_conf>
<loyalty>low</loyalty>
<loyalty_conf>0.566666666667</loyalty_conf>
</face>
<face>
<position>0.670312 0.239063 0.044792 0.091406</position>
<age>40-45</age>
<age_conf>0.876577</age_conf>
<gender>female</gender>
<gender_conf>0.995336</gender_conf>
<race>Caucasian</race>
<race_conf>0.991922</race_conf>
<loyalty>high</loyalty>
<loyalty_conf>0.8</loyalty_conf>
</face>
</result>
