<?xml version="1.0" encoding="UTF-8"?>
<result>
<face>
<position>0.702083 0.282031 0.041667 0.081250</position>
<age>20-25</age>
<age_conf>0.981364</age_conf>
<gender>female</gender>
<gender_conf>1.0</gender_conf>
<race>Caucasian</race>
<race_conf>0.998227</race_conf>
<loyalty>low</loyalty>
<loyalty_conf>0.966666666667</loyalty_conf>
</face>
<face>
<position>0.594271 0.299219 0.047917 0.091406</position>
<age>40-45</age>
<age_conf>0.346242</age_conf>
<gender>female</gender>
<gender_conf>0.99999</gender_conf>
<race>African</race>
<race_conf>0.363274</race_conf>
<loyalty>high</loyalty>
<loyalty_conf>0.7</loyalty_conf>
</face>
<face>
<position>0.301042 0.272656 0.037500 0.064844</position>
<age>20-25</age>
<age_conf>0.610297</age_conf>
<gender>female</gender>
<gender_conf>0.993763</gender_conf>
<race>Caucasian</race>
<race_conf>0.955822</race_conf>
<loyalty>high</loyalty>
<loyalty_conf>0.9</loyalty_conf>
</face>
</result>
