<?xml version="1.0" encoding="UTF-8"?>
<result>
<face>
<position>0.318229 0.232813 0.039062 0.074219</position>
<age>35-40</age>
<age_conf>0.764885</age_conf>
<gender>female</gender>
<gender_conf>0.995714</gender_conf>
<race>Caucasian</race>
<race_conf>0.953914</race_conf>
<loyalty>high</loyalty>
<loyalty_conf>0.933333333333</loyalty_conf>
</face>
<face>
<position>0.680729 0.253125 0.039583 0.072656</position>
<age>40-45</age>
<age_conf>0.797081</age_conf>
<gender>female</gender>
<gender_conf>0.998577</gender_conf>
<race>Hispanic</race>
<race_conf>0.772498</race_conf>
<loyalty>high</loyalty>
<loyalty_conf>0.3</loyalty_conf>
</face>
</result>
