<?xml version="1.0" encoding="UTF-8"?>
<result>
<face>
<position>0.732292 0.278125 0.042708 0.085156</position>
<age>30-35</age>
<age_conf>0.501759</age_conf>
<gender>female</gender>
<gender_conf>0.99999</gender_conf>
<race>Caucasian</race>
<race_conf>0.54165</race_conf>
<loyalty>low</loyalty>
<loyalty_conf>0.933333333333</loyalty_conf>
</face>
<face>
<position>0.282813 0.250781 0.052604 0.082031</position>
<age>35-40</age>
<age_conf>0.597986</age_conf>
<gender>female</gender>
<gender_conf>0.786239</gender_conf>
<race>Caucasian</race>
<race_conf>0.497702</race_conf>
<loyalty>high</loyalty>
<loyalty_conf>0.933333333333</loyalty_conf>
</face>
</result>
