<?xml version="1.0" encoding="UTF-8"?>
<result>
<face>
<position>0.500521 0.412500 0.038542 0.073438</position>
<age>30-35</age>
<age_conf>0.574652</age_conf>
<gender>female</gender>
<gender_conf>0.99291</gender_conf>
<race>African</race>
<race_conf>0.999925</race_conf>
<loyalty>high</loyalty>
<loyalty_conf>0.8</loyalty_conf>
</face>
<face>
<position>0.402083 0.325000 0.037500 0.078125</position>
<age>30-35</age>
<age_conf>0.660032</age_conf>
<gender>female</gender>
<gender_conf>0.999981</gender_conf>
<race>African</race>
<race_conf>0.996101</race_conf>
<loyalty>high</loyalty>
<loyalty_conf>0.666666666667</loyalty_conf>
</face>
</result>
