<?xml version="1.0" encoding="UTF-8"?>
<result>
<face>
<position>0.539583 0.244531 0.046875 0.094531</position>
<age>35-40</age>
<age_conf>0.603994</age_conf>
<gender>female</gender>
<gender_conf>0.998324</gender_conf>
<race>Asian</race>
<race_conf>0.804483</race_conf>
<loyalty>high</loyalty>
<loyalty_conf>0.866666666667</loyalty_conf>
</face>
<face>
<position>0.477604 0.250000 0.051562 0.094531</position>
<age>20-25</age>
<age_conf>0.930678</age_conf>
<gender>female</gender>
<gender_conf>0.99898</gender_conf>
<race>African</race>
<race_conf>0.884952</race_conf>
<loyalty>high</loyalty>
<loyalty_conf>0.0333333333333</loyalty_conf>
</face>
<face>
<position>0.335417 0.230469 0.040104 0.066406</position>
<age>0-20</age>
<age_conf>0.469991</age_conf>
<gender>female</gender>
<gender_conf>0.999928</gender_conf>
<race>Caucasian</race>
<race_conf>0.821637</race_conf>
<loyalty>high</loyalty>
<loyalty_conf>0.933333333333</loyalty_conf>
</face>
</result>
