<?xml version="1.0" encoding="UTF-8"?>
<result>
<face>
<position>0.291667 0.202344 0.044271 0.093750</position>
<age>30-35</age>
<age_conf>0.716378</age_conf>
<gender>male</gender>
<gender_conf>0.998644</gender_conf>
<race>Asian</race>
<race_conf>0.685454</race_conf>
<loyalty>high</loyalty>
<loyalty_conf>0.366666666667</loyalty_conf>
</face>
<face>
<position>0.334375 0.392969 0.032813 0.070312</position>
<age>20-25</age>
<age_conf>0.529408</age_conf>
<gender>female</gender>
<gender_conf>0.999152</gender_conf>
<race>Asian</race>
<race_conf>0.881368</race_conf>
<loyalty>high</loyalty>
<loyalty_conf>0.533333333333</loyalty_conf>
</face>
<face>
<position>0.348958 0.220312 0.036458 0.060937</position>
<age>40-45</age>
<age_conf>0.630303</age_conf>
<gender>female</gender>
<gender_conf>0.995261</gender_conf>
<race>Caucasian</race>
<race_conf>0.992162</race_conf>
<loyalty>high</loyalty>
<loyalty_conf>0.933333333333</loyalty_conf>
</face>
</result>
