<?xml version="1.0" encoding="UTF-8"?>
<result>
<face>
<position>0.351562 0.227344 0.060417 0.118750</position>
<age>30-35</age>
<age_conf>0.704759</age_conf>
<gender>female</gender>
<gender_conf>0.998776</gender_conf>
<race>Caucasian</race>
<race_conf>0.928569</race_conf>
<loyalty>high</loyalty>
<loyalty_conf>0.9</loyalty_conf>
</face>
<face>
<position>0.439583 0.390625 0.048438 0.093750</position>
<age>35-40</age>
<age_conf>0.821335</age_conf>
<gender>female</gender>
<gender_conf>1.0</gender_conf>
<race>Caucasian</race>
<race_conf>0.999989</race_conf>
<loyalty>high</loyalty>
<loyalty_conf>0.7</loyalty_conf>
</face>
</result>
