<?xml version="1.0" encoding="UTF-8"?>
<result>
<face>
<position>0.389583 0.264844 0.051562 0.098437</position>
<age>25-30</age>
<age_conf>0.751425</age_conf>
<gender>female</gender>
<gender_conf>0.999499</gender_conf>
<race>African</race>
<race_conf>0.992694</race_conf>
<loyalty>high</loyalty>
<loyalty_conf>0.833333333333</loyalty_conf>
</face>
<face>
<position>0.622396 0.303906 0.057292 0.101562</position>
<age>30-35</age>
<age_conf>0.963792</age_conf>
<gender>female</gender>
<gender_conf>0.998676</gender_conf>
<race>African</race>
<race_conf>0.824226</race_conf>
<loyalty>high</loyalty>
<loyalty_conf>0.666666666667</loyalty_conf>
</face>
<face>
<position>0.492708 0.517188 0.036979 0.064062</position>
<age>20-25</age>
<age_conf>0.619558</age_conf>
<gender>female</gender>
<gender_conf>0.998116</gender_conf>
<race>African</race>
<race_conf>0.978515</race_conf>
<loyalty>high</loyalty>
<loyalty_conf>0.766666666667</loyalty_conf>
</face>
<face>
<position>0.415104 0.612500 0.039062 0.067187</position>
<age>0-20</age>
<age_conf>1.0</age_conf>
<gender>male</gender>
<gender_conf>0.996189</gender_conf>
<race>African</race>
<race_conf>0.977451</race_conf>
<loyalty>high</loyalty>
<loyalty_conf>0.766666666667</loyalty_conf>
</face>
</result>
