<?xml version="1.0" encoding="UTF-8"?>
<result>
<face>
<position>0.130208 0.510156 0.043229 0.089844</position>
<age>35-40</age>
<age_conf>0.660127</age_conf>
<gender>female</gender>
<gender_conf>0.999874</gender_conf>
<race>Caucasian</race>
<race_conf>0.657833</race_conf>
<loyalty>high</loyalty>
<loyalty_conf>0.733333333333</loyalty_conf>
</face>
<face>
<position>0.368229 0.607812 0.048958 0.100000</position>
<age>30-35</age>
<age_conf>0.488781</age_conf>
<gender>female</gender>
<gender_conf>0.767137</gender_conf>
<race>African</race>
<race_conf>0.893616</race_conf>
<loyalty>high</loyalty>
<loyalty_conf>0.666666666667</loyalty_conf>
</face>
<face>
<position>0.235937 0.580469 0.046354 0.090625</position>
<age>0-20</age>
<age_conf>0.999966</age_conf>
<gender>female</gender>
<gender_conf>0.99992</gender_conf>
<race>Caucasian</race>
<race_conf>0.987739</race_conf>
<loyalty>high</loyalty>
<loyalty_conf>0.7</loyalty_conf>
</face>
<face>
<position>0.296875 0.292969 0.050000 0.108594</position>
<age>25-30</age>
<age_conf>0.484214</age_conf>
<gender>male</gender>
<gender_conf>0.867797</gender_conf>
<race>Caucasian</race>
<race_conf>0.985266</race_conf>
<loyalty>high</loyalty>
<loyalty_conf>0.733333333333</loyalty_conf>
</face>
</result>
