<?xml version="1.0" encoding="UTF-8"?>
<result>
<face>
<position>0.438542 0.203125 0.043229 0.078906</position>
<age>20-25</age>
<age_conf>0.958782</age_conf>
<gender>female</gender>
<gender_conf>0.994878</gender_conf>
<race>Hispanic</race>
<race_conf>0.871289</race_conf>
<loyalty>low</loyalty>
<loyalty_conf>0.833333333333</loyalty_conf>
</face>
<face>
<position>0.366146 0.210938 0.040104 0.072656</position>
<age>0-20</age>
<age_conf>0.601573</age_conf>
<gender>male</gender>
<gender_conf>0.516014</gender_conf>
<race>Hispanic</race>
<race_conf>0.878044</race_conf>
<loyalty>high</loyalty>
<loyalty_conf>0.8</loyalty_conf>
</face>
</result>
