<?xml version="1.0" encoding="UTF-8"?>
<result>
<face>
<position>0.317188 0.285938 0.040104 0.075000</position>
<age>40-45</age>
<age_conf>0.85709</age_conf>
<gender>female</gender>
<gender_conf>1.0</gender_conf>
<race>Caucasian</race>
<race_conf>0.998413</race_conf>
<loyalty>high</loyalty>
<loyalty_conf>0.7</loyalty_conf>
</face>
<face>
<position>0.401562 0.346094 0.034896 0.065625</position>
<age>35-40</age>
<age_conf>0.766524</age_conf>
<gender>female</gender>
<gender_conf>0.999991</gender_conf>
<race>Asian</race>
<race_conf>0.939409</race_conf>
<loyalty>high</loyalty>
<loyalty_conf>0.766666666667</loyalty_conf>
</face>
</result>
