<?xml version="1.0" encoding="UTF-8"?>
<result>
<face>
<position>0.414583 0.309375 0.038542 0.081250</position>
<age>0-20</age>
<age_conf>0.97703</age_conf>
<gender>female</gender>
<gender_conf>0.99556</gender_conf>
<race>Caucasian</race>
<race_conf>0.919535</race_conf>
<loyalty>high</loyalty>
<loyalty_conf>0.766666666667</loyalty_conf>
</face>
<face>
<position>0.340625 0.229687 0.038021 0.077344</position>
<age>40-45</age>
<age_conf>0.578687</age_conf>
<gender>male</gender>
<gender_conf>0.999997</gender_conf>
<race>African</race>
<race_conf>0.994784</race_conf>
<loyalty>low</loyalty>
<loyalty_conf>0.933333333333</loyalty_conf>
</face>
<face>
<position>0.253646 0.303906 0.037500 0.075000</position>
<age>0-20</age>
<age_conf>0.912703</age_conf>
<gender>female</gender>
<gender_conf>0.999984</gender_conf>
<race>Caucasian</race>
<race_conf>0.764771</race_conf>
<loyalty>high</loyalty>
<loyalty_conf>0.4</loyalty_conf>
</face>
<face>
<position>0.538542 0.285938 0.047917 0.107031</position>
<age>35-40</age>
<age_conf>0.957275</age_conf>
<gender>male</gender>
<gender_conf>0.689647</gender_conf>
<race>African</race>
<race_conf>0.986508</race_conf>
<loyalty>high</loyalty>
<loyalty_conf>0.9</loyalty_conf>
</face>
<face>
<position>0.145313 0.296094 0.038542 0.072656</position>
<age>0-20</age>
<age_conf>0.628966</age_conf>
<gender>female</gender>
<gender_conf>0.999212</gender_conf>
<race>Caucasian</race>
<race_conf>0.99567</race_conf>
<loyalty>high</loyalty>
<loyalty_conf>0.866666666667</loyalty_conf>
</face>
<face>
<position>0.639583 0.254688 0.042188 0.082031</position>
<age>35-40</age>
<age_conf>0.727948</age_conf>
<gender>female</gender>
<gender_conf>0.999783</gender_conf>
<race>African</race>
<race_conf>0.996981</race_conf>
<loyalty>middle</loyalty>
<loyalty_conf>0.55</loyalty_conf>
</face>
</result>
