<?xml version="1.0" encoding="UTF-8"?>
<result>
<face>
<position>0.490104 0.277344 0.056771 0.099219</position>
<age>20-25</age>
<age_conf>0.948686</age_conf>
<gender>female</gender>
<gender_conf>0.97406</gender_conf>
<race>Caucasian</race>
<race_conf>0.997251</race_conf>
<loyalty>low</loyalty>
<loyalty_conf>0.966666666667</loyalty_conf>
</face>
<face>
<position>0.359375 0.323437 0.047396 0.091406</position>
<age>40-45</age>
<age_conf>0.939495</age_conf>
<gender>female</gender>
<gender_conf>1.0</gender_conf>
<race>Hispanic</race>
<race_conf>0.975103</race_conf>
<loyalty>low</loyalty>
<loyalty_conf>0.966666666667</loyalty_conf>
</face>
<face>
<position>0.374479 0.235156 0.040104 0.068750</position>
<age>20-25</age>
<age_conf>0.649258</age_conf>
<gender>female</gender>
<gender_conf>0.9995</gender_conf>
<race>Caucasian</race>
<race_conf>0.995727</race_conf>
<loyalty>high</loyalty>
<loyalty_conf>0.933333333333</loyalty_conf>
</face>
</result>
