<?xml version="1.0" encoding="UTF-8"?>
<result>
<face>
<position>0.232292 0.357031 0.033854 0.064062</position>
<age>20-25</age>
<age_conf>0.422168</age_conf>
<gender>male</gender>
<gender_conf>0.555691</gender_conf>
<race>Caucasian</race>
<race_conf>0.994002</race_conf>
<loyalty>high</loyalty>
<loyalty_conf>0.766666666667</loyalty_conf>
</face>
<face>
<position>0.697396 0.437500 0.039583 0.076563</position>
<age>25-30</age>
<age_conf>0.666784</age_conf>
<gender>male</gender>
<gender_conf>0.998433</gender_conf>
<race>Hispanic</race>
<race_conf>0.650271</race_conf>
<loyalty>high</loyalty>
<loyalty_conf>0.733333333333</loyalty_conf>
</face>
<face>
<position>0.337500 0.274219 0.040104 0.070312</position>
<age>30-35</age>
<age_conf>0.463427</age_conf>
<gender>female</gender>
<gender_conf>0.999839</gender_conf>
<race>Caucasian</race>
<race_conf>0.965123</race_conf>
<loyalty>high</loyalty>
<loyalty_conf>0.933333333333</loyalty_conf>
</face>
</result>
