<?xml version="1.0" encoding="UTF-8"?>
<result>
<face>
<position>0.367708 0.303906 0.044792 0.090625</position>
<age>40-45</age>
<age_conf>0.794282</age_conf>
<gender>female</gender>
<gender_conf>0.999996</gender_conf>
<race>Caucasian</race>
<race_conf>0.870867</race_conf>
<loyalty>high</loyalty>
<loyalty_conf>0.766666666667</loyalty_conf>
</face>
<face>
<position>0.309896 0.239844 0.038021 0.077344</position>
<age>35-40</age>
<age_conf>0.702077</age_conf>
<gender>male</gender>
<gender_conf>0.999759</gender_conf>
<race>Caucasian</race>
<race_conf>0.739768</race_conf>
<loyalty>low</loyalty>
<loyalty_conf>0.966666666667</loyalty_conf>
</face>
</result>
