<?xml version="1.0" encoding="UTF-8"?>
<result>
<face>
<position>0.190625 0.178125 0.048438 0.107031</position>
<age>20-25</age>
<age_conf>0.823593</age_conf>
<gender>male</gender>
<gender_conf>0.999721</gender_conf>
<race>African</race>
<race_conf>0.990338</race_conf>
<loyalty>high</loyalty>
<loyalty_conf>0.8</loyalty_conf>
</face>
<face>
<position>0.380729 0.256250 0.044792 0.105469</position>
<age>20-25</age>
<age_conf>0.680474</age_conf>
<gender>female</gender>
<gender_conf>0.99604</gender_conf>
<race>African</race>
<race_conf>0.764874</race_conf>
<loyalty>high</loyalty>
<loyalty_conf>0.866666666667</loyalty_conf>
</face>
<face>
<position>0.294271 0.277344 0.031250 0.060937</position>
<age>35-40</age>
<age_conf>0.617849</age_conf>
<gender>female</gender>
<gender_conf>0.999997</gender_conf>
<race>Hispanic</race>
<race_conf>0.676385</race_conf>
<loyalty>high</loyalty>
<loyalty_conf>0.766666666667</loyalty_conf>
</face>
</result>
