<?xml version="1.0" encoding="UTF-8"?>
<result>
<face>
<position>0.560937 0.219531 0.038542 0.078125</position>
<age>0-20</age>
<age_conf>0.998405</age_conf>
<gender>female</gender>
<gender_conf>0.999999</gender_conf>
<race>Caucasian</race>
<race_conf>0.989132</race_conf>
<loyalty>high</loyalty>
<loyalty_conf>0.333333333333</loyalty_conf>
</face>
<face>
<position>0.489063 0.241406 0.038542 0.076563</position>
<age>30-35</age>
<age_conf>0.88266</age_conf>
<gender>female</gender>
<gender_conf>0.999125</gender_conf>
<race>Caucasian</race>
<race_conf>0.970317</race_conf>
<loyalty>high</loyalty>
<loyalty_conf>0.8</loyalty_conf>
</face>
</result>
