<?xml version="1.0" encoding="UTF-8"?>
<result>
<face>
<position>0.401042 0.256250 0.049479 0.100000</position>
<age>0-20</age>
<age_conf>0.996264</age_conf>
<gender>female</gender>
<gender_conf>0.805912</gender_conf>
<race>Caucasian</race>
<race_conf>0.996153</race_conf>
<loyalty>high</loyalty>
<loyalty_conf>0.733333333333</loyalty_conf>
</face>
<face>
<position>0.330729 0.263281 0.051042 0.102344</position>
<age>20-25</age>
<age_conf>0.576114</age_conf>
<gender>female</gender>
<gender_conf>1.0</gender_conf>
<race>Caucasian</race>
<race_conf>0.579583</race_conf>
<loyalty>high</loyalty>
<loyalty_conf>0.766666666667</loyalty_conf>
</face>
</result>
