<?xml version="1.0" encoding="UTF-8"?>
<result>
<face>
<position>0.327083 0.129688 0.055208 0.108594</position>
<age>30-35</age>
<age_conf>0.902593</age_conf>
<gender>male</gender>
<gender_conf>0.760385</gender_conf>
<race>Caucasian</race>
<race_conf>0.999995</race_conf>
<loyalty>high</loyalty>
<loyalty_conf>0.7</loyalty_conf>
</face>
<face>
<position>0.393750 0.232031 0.056250 0.096875</position>
<age>20-25</age>
<age_conf>0.760104</age_conf>
<gender>male</gender>
<gender_conf>0.972664</gender_conf>
<race>Caucasian</race>
<race_conf>0.997251</race_conf>
<loyalty>low</loyalty>
<loyalty_conf>0.966666666667</loyalty_conf>
</face>
</result>
