<?xml version="1.0" encoding="UTF-8"?>
<result>
<face>
<position>0.376563 0.282813 0.038021 0.066406</position>
<age>20-25</age>
<age_conf>0.716564</age_conf>
<gender>female</gender>
<gender_conf>0.99875</gender_conf>
<race>African</race>
<race_conf>0.783682</race_conf>
<loyalty>high</loyalty>
<loyalty_conf>0.9</loyalty_conf>
</face>
<face>
<position>0.490625 0.413281 0.037500 0.067187</position>
<age>0-20</age>
<age_conf>0.999807</age_conf>
<gender>male</gender>
<gender_conf>0.923701</gender_conf>
<race>Hispanic</race>
<race_conf>0.719698</race_conf>
<loyalty>high</loyalty>
<loyalty_conf>0.7</loyalty_conf>
</face>
<face>
<position>0.563021 0.468750 0.031771 0.058594</position>
<age>0-20</age>
<age_conf>0.521709</age_conf>
<gender>female</gender>
<gender_conf>0.997143</gender_conf>
<race>Hispanic</race>
<race_conf>0.551447</race_conf>
<loyalty>high</loyalty>
<loyalty_conf>0.833333333333</loyalty_conf>
</face>
<face>
<position>0.673958 0.580469 0.033333 0.060937</position>
<age>30-35</age>
<age_conf>0.556646</age_conf>
<gender>male</gender>
<gender_conf>0.91488</gender_conf>
<race>Caucasian</race>
<race_conf>0.740388</race_conf>
<loyalty>high</loyalty>
<loyalty_conf>0.633333333333</loyalty_conf>
</face>
</result>
