<?xml version="1.0" encoding="UTF-8"?>
<result>
<face>
<position>0.409896 0.200781 0.038021 0.073438</position>
<age>0-20</age>
<age_conf>0.967357</age_conf>
<gender>male</gender>
<gender_conf>0.951826</gender_conf>
<race>Caucasian</race>
<race_conf>0.999214</race_conf>
<loyalty>high</loyalty>
<loyalty_conf>0.9</loyalty_conf>
</face>
<face>
<position>0.259896 0.253906 0.056250 0.103125</position>
<age>35-40</age>
<age_conf>0.673642</age_conf>
<gender>female</gender>
<gender_conf>0.999867</gender_conf>
<race>Caucasian</race>
<race_conf>0.823063</race_conf>
<loyalty>high</loyalty>
<loyalty_conf>0.833333333333</loyalty_conf>
</face>
</result>
