<?xml version="1.0" encoding="UTF-8"?>
<result>
<face>
<position>0.479167 0.254688 0.042708 0.080469</position>
<age>30-35</age>
<age_conf>0.589781</age_conf>
<gender>male</gender>
<gender_conf>0.999974</gender_conf>
<race>Caucasian</race>
<race_conf>0.741505</race_conf>
<loyalty>high</loyalty>
<loyalty_conf>0.866666666667</loyalty_conf>
</face>
<face>
<position>0.375521 0.325000 0.035937 0.065625</position>
<age>0-20</age>
<age_conf>0.681893</age_conf>
<gender>female</gender>
<gender_conf>1.0</gender_conf>
<race>Caucasian</race>
<race_conf>0.991054</race_conf>
<loyalty>high</loyalty>
<loyalty_conf>0.733333333333</loyalty_conf>
</face>
<face>
<position>0.618229 0.278906 0.039583 0.076563</position>
<age>30-35</age>
<age_conf>0.611759</age_conf>
<gender>female</gender>
<gender_conf>0.999998</gender_conf>
<race>Caucasian</race>
<race_conf>0.919358</race_conf>
<loyalty>high</loyalty>
<loyalty_conf>0.5</loyalty_conf>
</face>
<face>
<position>0.638542 0.280469 0.040104 0.085156</position>
<age>40-45</age>
<age_conf>0.642378</age_conf>
<gender>male</gender>
<gender_conf>0.946497</gender_conf>
<race>Caucasian</race>
<race_conf>0.808932</race_conf>
<loyalty>high</loyalty>
<loyalty_conf>0.7</loyalty_conf>
</face>
<face>
<position>0.310937 0.270313 0.034375 0.065625</position>
<age>20-25</age>
<age_conf>0.557386</age_conf>
<gender>female</gender>
<gender_conf>0.994015</gender_conf>
<race>Caucasian</race>
<race_conf>0.885667</race_conf>
<loyalty>high</loyalty>
<loyalty_conf>0.9</loyalty_conf>
</face>
</result>
