<?xml version="1.0" encoding="UTF-8"?>
<result>
<face>
<position>0.377083 0.271875 0.041146 0.090625</position>
<age>30-35</age>
<age_conf>0.672586</age_conf>
<gender>female</gender>
<gender_conf>1.0</gender_conf>
<race>Hispanic</race>
<race_conf>0.741902</race_conf>
<loyalty>high</loyalty>
<loyalty_conf>0.8</loyalty_conf>
</face>
<face>
<position>0.451042 0.225000 0.045312 0.092188</position>
<age>30-35</age>
<age_conf>0.529301</age_conf>
<gender>male</gender>
<gender_conf>0.979965</gender_conf>
<race>Hispanic</race>
<race_conf>0.798949</race_conf>
<loyalty>low</loyalty>
<loyalty_conf>0.966666666667</loyalty_conf>
</face>
</result>
