<?xml version="1.0" encoding="UTF-8"?>
<result>
<face>
<position>0.192708 0.267969 0.035937 0.067969</position>
<age>30-35</age>
<age_conf>0.984419</age_conf>
<gender>male</gender>
<gender_conf>0.998436</gender_conf>
<race>Caucasian</race>
<race_conf>0.999558</race_conf>
<loyalty>high</loyalty>
<loyalty_conf>0.366666666667</loyalty_conf>
</face>
<face>
<position>0.479167 0.253906 0.044792 0.089844</position>
<age>0-20</age>
<age_conf>0.999589</age_conf>
<gender>female</gender>
<gender_conf>0.764673</gender_conf>
<race>Hispanic</race>
<race_conf>0.525983</race_conf>
<loyalty>high</loyalty>
<loyalty_conf>0.9</loyalty_conf>
</face>
<face>
<position>0.290104 0.351562 0.040104 0.080469</position>
<age>30-35</age>
<age_conf>0.808253</age_conf>
<gender>female</gender>
<gender_conf>0.999984</gender_conf>
<race>Caucasian</race>
<race_conf>0.997646</race_conf>
<loyalty>high</loyalty>
<loyalty_conf>0.633333333333</loyalty_conf>
</face>
<face>
<position>0.183333 0.350781 0.052083 0.095312</position>
<age>20-25</age>
<age_conf>0.85446</age_conf>
<gender>female</gender>
<gender_conf>0.999577</gender_conf>
<race>African</race>
<race_conf>0.42488</race_conf>
<loyalty>high</loyalty>
<loyalty_conf>0.666666666667</loyalty_conf>
</face>
<face>
<position>0.367188 0.286719 0.036979 0.067187</position>
<age>40-45</age>
<age_conf>0.826944</age_conf>
<gender>female</gender>
<gender_conf>0.802863</gender_conf>
<race>Caucasian</race>
<race_conf>0.990668</race_conf>
<loyalty>high</loyalty>
<loyalty_conf>0.9</loyalty_conf>
</face>
<face>
<position>0.366667 0.398438 0.046354 0.082031</position>
<age>35-40</age>
<age_conf>0.584739</age_conf>
<gender>female</gender>
<gender_conf>1.0</gender_conf>
<race>Caucasian</race>
<race_conf>0.8744</race_conf>
<loyalty>high</loyalty>
<loyalty_conf>0.766666666667</loyalty_conf>
</face>
</result>
