<?xml version="1.0" encoding="UTF-8"?>
<result>
<face>
<position>0.437500 0.317969 0.038021 0.081250</position>
<age>0-20</age>
<age_conf>0.993656</age_conf>
<gender>female</gender>
<gender_conf>0.999998</gender_conf>
<race>Caucasian</race>
<race_conf>0.999484</race_conf>
<loyalty>high</loyalty>
<loyalty_conf>0.733333333333</loyalty_conf>
</face>
<face>
<position>0.348958 0.309375 0.043750 0.090625</position>
<age>0-20</age>
<age_conf>0.798319</age_conf>
<gender>male</gender>
<gender_conf>0.726095</gender_conf>
<race>African</race>
<race_conf>0.561996</race_conf>
<loyalty>low</loyalty>
<loyalty_conf>0.733333333333</loyalty_conf>
</face>
</result>
