<?xml version="1.0" encoding="UTF-8"?>
<result>
<face>
<position>0.367188 0.356250 0.045312 0.092969</position>
<age>35-40</age>
<age_conf>0.804201</age_conf>
<gender>female</gender>
<gender_conf>0.999948</gender_conf>
<race>Caucasian</race>
<race_conf>0.998909</race_conf>
<loyalty>high</loyalty>
<loyalty_conf>0.266666666667</loyalty_conf>
</face>
<face>
<position>0.340625 0.257031 0.041146 0.074219</position>
<age>45-50</age>
<age_conf>0.799295</age_conf>
<gender>male</gender>
<gender_conf>0.999113</gender_conf>
<race>African</race>
<race_conf>0.825778</race_conf>
<loyalty>high</loyalty>
<loyalty_conf>0.9</loyalty_conf>
</face>
</result>
