<?xml version="1.0" encoding="UTF-8"?>
<result>
<face>
<position>0.319271 0.332031 0.044271 0.085156</position>
<age>35-40</age>
<age_conf>0.904791</age_conf>
<gender>female</gender>
<gender_conf>0.999479</gender_conf>
<race>Caucasian</race>
<race_conf>0.998457</race_conf>
<loyalty>high</loyalty>
<loyalty_conf>0.833333333333</loyalty_conf>
</face>
<face>
<position>0.384896 0.268750 0.041667 0.078125</position>
<age>40-45</age>
<age_conf>0.666834</age_conf>
<gender>female</gender>
<gender_conf>0.783881</gender_conf>
<race>African</race>
<race_conf>0.798121</race_conf>
<loyalty>high</loyalty>
<loyalty_conf>0.9</loyalty_conf>
</face>
</result>
