<?xml version="1.0" encoding="UTF-8"?>
<result>
<face>
<position>0.381250 0.260937 0.043229 0.082031</position>
<age>40-45</age>
<age_conf>0.816799</age_conf>
<gender>male</gender>
<gender_conf>0.827395</gender_conf>
<race>Caucasian</race>
<race_conf>0.997591</race_conf>
<loyalty>high</loyalty>
<loyalty_conf>0.733333333333</loyalty_conf>
</face>
<face>
<position>0.421354 0.318750 0.036458 0.068750</position>
<age>0-20</age>
<age_conf>0.807519</age_conf>
<gender>female</gender>
<gender_conf>0.975676</gender_conf>
<race>African</race>
<race_conf>0.498591</race_conf>
<loyalty>high</loyalty>
<loyalty_conf>0.766666666667</loyalty_conf>
</face>
</result>
