<?xml version="1.0" encoding="UTF-8"?>
<result>
<face>
<position>0.369792 0.266406 0.040104 0.082031</position>
<age>20-25</age>
<age_conf>0.394871</age_conf>
<gender>female</gender>
<gender_conf>0.998947</gender_conf>
<race>Hispanic</race>
<race_conf>0.646876</race_conf>
<loyalty>middle</loyalty>
<loyalty_conf>0.15</loyalty_conf>
</face>
<face>
<position>0.424479 0.277344 0.036458 0.064844</position>
<age>0-20</age>
<age_conf>0.874325</age_conf>
<gender>male</gender>
<gender_conf>0.995171</gender_conf>
<race>Caucasian</race>
<race_conf>0.976381</race_conf>
<loyalty>high</loyalty>
<loyalty_conf>0.566666666667</loyalty_conf>
</face>
<face>
<position>0.383333 0.456250 0.033333 0.065625</position>
<age>0-20</age>
<age_conf>0.975452</age_conf>
<gender>female</gender>
<gender_conf>0.999995</gender_conf>
<race>Caucasian</race>
<race_conf>0.930372</race_conf>
<loyalty>high</loyalty>
<loyalty_conf>0.7</loyalty_conf>
</face>
<face>
<position>0.481771 0.359375 0.045312 0.092188</position>
<age>0-20</age>
<age_conf>0.798999</age_conf>
<gender>male</gender>
<gender_conf>0.959977</gender_conf>
<race>African</race>
<race_conf>0.99975</race_conf>
<loyalty>high</loyalty>
<loyalty_conf>0.766666666667</loyalty_conf>
</face>
</result>
