<?xml version="1.0" encoding="UTF-8"?>
<result>
<face>
<position>0.315625 0.360938 0.040104 0.075000</position>
<age>35-40</age>
<age_conf>0.972669</age_conf>
<gender>female</gender>
<gender_conf>0.999948</gender_conf>
<race>Caucasian</race>
<race_conf>0.811315</race_conf>
<loyalty>high</loyalty>
<loyalty_conf>0.1</loyalty_conf>
</face>
<face>
<position>0.380729 0.471875 0.045833 0.091406</position>
<age>20-25</age>
<age_conf>0.830304</age_conf>
<gender>female</gender>
<gender_conf>0.99998</gender_conf>
<race>African</race>
<race_conf>0.998821</race_conf>
<loyalty>high</loyalty>
<loyalty_conf>0.7</loyalty_conf>
</face>
</result>
