<?xml version="1.0" encoding="UTF-8"?>
<result>
<face>
<position>0.505729 0.250000 0.047396 0.090625</position>
<age>40-45</age>
<age_conf>0.851586</age_conf>
<gender>female</gender>
<gender_conf>0.999978</gender_conf>
<race>Caucasian</race>
<race_conf>0.93493</race_conf>
<loyalty>middle</loyalty>
<loyalty_conf>0.75</loyalty_conf>
</face>
<face>
<position>0.388021 0.292187 0.035937 0.070312</position>
<age>30-35</age>
<age_conf>0.881171</age_conf>
<gender>female</gender>
<gender_conf>0.994766</gender_conf>
<race>African</race>
<race_conf>0.946611</race_conf>
<loyalty>high</loyalty>
<loyalty_conf>0.2</loyalty_conf>
</face>
</result>
