<?xml version="1.0" encoding="UTF-8"?>
<result>
<face>
<position>0.441667 0.282813 0.042708 0.083594</position>
<age>20-25</age>
<age_conf>0.697627</age_conf>
<gender>female</gender>
<gender_conf>0.999997</gender_conf>
<race>Caucasian</race>
<race_conf>0.995489</race_conf>
<loyalty>high</loyalty>
<loyalty_conf>0.333333333333</loyalty_conf>
</face>
<face>
<position>0.522917 0.300000 0.043229 0.085156</position>
<age>>60</age>
<age_conf>0.544498</age_conf>
<gender>female</gender>
<gender_conf>0.883992</gender_conf>
<race>African</race>
<race_conf>0.976874</race_conf>
<loyalty>high</loyalty>
<loyalty_conf>0.733333333333</loyalty_conf>
</face>
<face>
<position>0.298958 0.284375 0.036458 0.073438</position>
<age>0-20</age>
<age_conf>0.587318</age_conf>
<gender>female</gender>
<gender_conf>0.987514</gender_conf>
<race>Caucasian</race>
<race_conf>0.992378</race_conf>
<loyalty>high</loyalty>
<loyalty_conf>0.833333333333</loyalty_conf>
</face>
<face>
<position>0.413542 0.653906 0.037500 0.073438</position>
<age>0-20</age>
<age_conf>0.465802</age_conf>
<gender>female</gender>
<gender_conf>0.999296</gender_conf>
<race>Hispanic</race>
<race_conf>0.578822</race_conf>
<loyalty>high</loyalty>
<loyalty_conf>0.833333333333</loyalty_conf>
</face>
<face>
<position>0.350000 0.253125 0.046875 0.087500</position>
<age>0-20</age>
<age_conf>0.965667</age_conf>
<gender>male</gender>
<gender_conf>0.999732</gender_conf>
<race>Caucasian</race>
<race_conf>0.624257</race_conf>
<loyalty>high</loyalty>
<loyalty_conf>0.533333333333</loyalty_conf>
</face>
<face>
<position>0.376042 0.265625 0.036458 0.064844</position>
<age>20-25</age>
<age_conf>0.977136</age_conf>
<gender>male</gender>
<gender_conf>0.999917</gender_conf>
<race>Caucasian</race>
<race_conf>0.979296</race_conf>
<loyalty>high</loyalty>
<loyalty_conf>0.8</loyalty_conf>
</face>
</result>
