<?xml version="1.0" encoding="UTF-8"?>
<result>
<face>
<position>0.276042 0.213281 0.042708 0.079687</position>
<age>20-25</age>
<age_conf>0.494782</age_conf>
<gender>male</gender>
<gender_conf>0.602183</gender_conf>
<race>African</race>
<race_conf>0.979286</race_conf>
<loyalty>high</loyalty>
<loyalty_conf>0.2</loyalty_conf>
</face>
<face>
<position>0.328646 0.394531 0.040104 0.075000</position>
<age>30-35</age>
<age_conf>0.472328</age_conf>
<gender>female</gender>
<gender_conf>0.99998</gender_conf>
<race>African</race>
<race_conf>0.99766</race_conf>
<loyalty>high</loyalty>
<loyalty_conf>0.4</loyalty_conf>
</face>
<face>
<position>0.352083 0.215625 0.041146 0.072656</position>
<age>40-45</age>
<age_conf>0.818824</age_conf>
<gender>female</gender>
<gender_conf>0.996999</gender_conf>
<race>Caucasian</race>
<race_conf>0.930518</race_conf>
<loyalty>high</loyalty>
<loyalty_conf>0.9</loyalty_conf>
</face>
</result>
