<?xml version="1.0" encoding="UTF-8"?>
<result>
<face>
<position>0.332292 0.257031 0.057813 0.105469</position>
<age>30-35</age>
<age_conf>0.977367</age_conf>
<gender>male</gender>
<gender_conf>0.999855</gender_conf>
<race>Caucasian</race>
<race_conf>0.999804</race_conf>
<loyalty>high</loyalty>
<loyalty_conf>0.566666666667</loyalty_conf>
</face>
<face>
<position>0.439583 0.301563 0.054167 0.097656</position>
<age>20-25</age>
<age_conf>0.75384</age_conf>
<gender>female</gender>
<gender_conf>0.999529</gender_conf>
<race>Hispanic</race>
<race_conf>0.795499</race_conf>
<loyalty>high</loyalty>
<loyalty_conf>0.933333333333</loyalty_conf>
</face>
<face>
<position>0.402604 0.261719 0.035937 0.072656</position>
<age>40-45</age>
<age_conf>0.637382</age_conf>
<gender>male</gender>
<gender_conf>0.905069</gender_conf>
<race>Caucasian</race>
<race_conf>0.813258</race_conf>
<loyalty>high</loyalty>
<loyalty_conf>0.8</loyalty_conf>
</face>
</result>
