<?xml version="1.0" encoding="UTF-8"?>
<result>
<face>
<position>0.191146 0.319531 0.048438 0.090625</position>
<age>30-35</age>
<age_conf>0.744064</age_conf>
<gender>female</gender>
<gender_conf>0.999526</gender_conf>
<race>Caucasian</race>
<race_conf>0.995004</race_conf>
<loyalty>high</loyalty>
<loyalty_conf>0.833333333333</loyalty_conf>
</face>
<face>
<position>0.286979 0.314063 0.042188 0.089063</position>
<age>20-25</age>
<age_conf>0.887495</age_conf>
<gender>female</gender>
<gender_conf>0.983778</gender_conf>
<race>African</race>
<race_conf>0.502594</race_conf>
<loyalty>high</loyalty>
<loyalty_conf>0.133333333333</loyalty_conf>
</face>
<face>
<position>0.380208 0.271875 0.038542 0.078906</position>
<age>0-20</age>
<age_conf>0.999977</age_conf>
<gender>female</gender>
<gender_conf>0.999999</gender_conf>
<race>Caucasian</race>
<race_conf>0.991493</race_conf>
<loyalty>middle</loyalty>
<loyalty_conf>0.55</loyalty_conf>
</face>
<face>
<position>0.431771 0.314844 0.040625 0.084375</position>
<age>0-20</age>
<age_conf>0.99995</age_conf>
<gender>female</gender>
<gender_conf>0.971817</gender_conf>
<race>Caucasian</race>
<race_conf>0.98194</race_conf>
<loyalty>high</loyalty>
<loyalty_conf>0.666666666667</loyalty_conf>
</face>
</result>
