<?xml version="1.0" encoding="UTF-8"?>
<result>
<face>
<position>0.315104 0.306250 0.044792 0.087500</position>
<age>0-20</age>
<age_conf>0.388246</age_conf>
<gender>female</gender>
<gender_conf>0.999866</gender_conf>
<race>Caucasian</race>
<race_conf>0.926123</race_conf>
<loyalty>middle</loyalty>
<loyalty_conf>0.3</loyalty_conf>
</face>
<face>
<position>0.218229 0.263281 0.045312 0.084375</position>
<age>30-35</age>
<age_conf>0.457432</age_conf>
<gender>female</gender>
<gender_conf>0.99999</gender_conf>
<race>Caucasian</race>
<race_conf>0.916457</race_conf>
<loyalty>middle</loyalty>
<loyalty_conf>0.65</loyalty_conf>
</face>
</result>
