<?xml version="1.0" encoding="UTF-8"?>
<result>
<face>
<position>0.407813 0.264062 0.047396 0.095312</position>
<age>20-25</age>
<age_conf>0.712292</age_conf>
<gender>male</gender>
<gender_conf>0.999954</gender_conf>
<race>Hispanic</race>
<race_conf>0.842591</race_conf>
<loyalty>high</loyalty>
<loyalty_conf>0.3</loyalty_conf>
</face>
<face>
<position>0.526042 0.220312 0.064583 0.114844</position>
<age>45-50</age>
<age_conf>0.769963</age_conf>
<gender>female</gender>
<gender_conf>0.851076</gender_conf>
<race>Hispanic</race>
<race_conf>0.605639</race_conf>
<loyalty>high</loyalty>
<loyalty_conf>0.833333333333</loyalty_conf>
</face>
</result>
