<?xml version="1.0" encoding="UTF-8"?>
<result>
<face>
<position>0.318229 0.303125 0.047396 0.088281</position>
<age>20-25</age>
<age_conf>0.99019</age_conf>
<gender>female</gender>
<gender_conf>0.989165</gender_conf>
<race>Hispanic</race>
<race_conf>0.978646</race_conf>
<loyalty>high</loyalty>
<loyalty_conf>0.666666666667</loyalty_conf>
</face>
<face>
<position>0.469792 0.292187 0.040625 0.082031</position>
<age>45-50</age>
<age_conf>0.778013</age_conf>
<gender>female</gender>
<gender_conf>1.0</gender_conf>
<race>Caucasian</race>
<race_conf>0.999961</race_conf>
<loyalty>low</loyalty>
<loyalty_conf>0.966666666667</loyalty_conf>
</face>
</result>
