<?xml version="1.0" encoding="UTF-8"?>
<result>
<face>
<position>0.692187 0.257031 0.034896 0.070312</position>
<age>40-45</age>
<age_conf>0.73362</age_conf>
<gender>male</gender>
<gender_conf>0.848368</gender_conf>
<race>Caucasian</race>
<race_conf>0.999951</race_conf>
<loyalty>low</loyalty>
<loyalty_conf>0.966666666667</loyalty_conf>
</face>
<face>
<position>0.647396 0.290625 0.034896 0.074219</position>
<age>0-20</age>
<age_conf>0.898802</age_conf>
<gender>female</gender>
<gender_conf>0.999974</gender_conf>
<race>Hispanic</race>
<race_conf>0.814227</race_conf>
<loyalty>high</loyalty>
<loyalty_conf>0.8</loyalty_conf>
</face>
<face>
<position>0.300000 0.266406 0.040625 0.071094</position>
<age>35-40</age>
<age_conf>0.446839</age_conf>
<gender>male</gender>
<gender_conf>0.723709</gender_conf>
<race>African</race>
<race_conf>0.417936</race_conf>
<loyalty>high</loyalty>
<loyalty_conf>0.9</loyalty_conf>
</face>
</result>
