<?xml version="1.0" encoding="UTF-8"?>
<result>
<face>
<position>0.546354 0.285938 0.081771 0.121875</position>
<age>20-25</age>
<age_conf>0.95114</age_conf>
<gender>male</gender>
<gender_conf>0.711213</gender_conf>
<race>African</race>
<race_conf>0.995013</race_conf>
<loyalty>high</loyalty>
<loyalty_conf>0.8</loyalty_conf>
</face>
<face>
<position>0.598958 0.304688 0.046354 0.090625</position>
<age>35-40</age>
<age_conf>0.634951</age_conf>
<gender>female</gender>
<gender_conf>0.999869</gender_conf>
<race>Hispanic</race>
<race_conf>0.623637</race_conf>
<loyalty>high</loyalty>
<loyalty_conf>0.866666666667</loyalty_conf>
</face>
<face>
<position>0.380208 0.259375 0.039062 0.072656</position>
<age>35-40</age>
<age_conf>0.560009</age_conf>
<gender>female</gender>
<gender_conf>0.58477</gender_conf>
<race>Hispanic</race>
<race_conf>0.396117</race_conf>
<loyalty>high</loyalty>
<loyalty_conf>0.9</loyalty_conf>
</face>
</result>
