<?xml version="1.0" encoding="UTF-8"?>
<result>
<face>
<position>0.324479 0.246875 0.046354 0.089844</position>
<age>25-30</age>
<age_conf>0.546192</age_conf>
<gender>male</gender>
<gender_conf>0.999961</gender_conf>
<race>Caucasian</race>
<race_conf>0.999725</race_conf>
<loyalty>low</loyalty>
<loyalty_conf>0.966666666667</loyalty_conf>
</face>
<face>
<position>0.443750 0.260156 0.043229 0.087500</position>
<age>30-35</age>
<age_conf>0.686342</age_conf>
<gender>female</gender>
<gender_conf>0.999055</gender_conf>
<race>Asian</race>
<race_conf>0.65578</race_conf>
<loyalty>low</loyalty>
<loyalty_conf>0.966666666667</loyalty_conf>
</face>
</result>
