<?xml version="1.0" encoding="UTF-8"?>
<result>
<face>
<position>0.485417 0.160156 0.043750 0.090625</position>
<age>0-20</age>
<age_conf>0.998252</age_conf>
<gender>female</gender>
<gender_conf>0.996549</gender_conf>
<race>African</race>
<race_conf>0.555607</race_conf>
<loyalty>high</loyalty>
<loyalty_conf>0.766666666667</loyalty_conf>
</face>
<face>
<position>0.447396 0.224219 0.035417 0.073438</position>
<age>0-20</age>
<age_conf>0.998317</age_conf>
<gender>male</gender>
<gender_conf>0.96758</gender_conf>
<race>Caucasian</race>
<race_conf>0.978839</race_conf>
<loyalty>high</loyalty>
<loyalty_conf>0.8</loyalty_conf>
</face>
</result>
