<?xml version="1.0" encoding="UTF-8"?>
<result>
<face>
<position>0.393750 0.237500 0.046354 0.089844</position>
<age>40-45</age>
<age_conf>0.594197</age_conf>
<gender>female</gender>
<gender_conf>0.999999</gender_conf>
<race>Caucasian</race>
<race_conf>0.525504</race_conf>
<loyalty>high</loyalty>
<loyalty_conf>0.633333333333</loyalty_conf>
</face>
<face>
<position>0.306771 0.202344 0.040104 0.075000</position>
<age>45-50</age>
<age_conf>0.785146</age_conf>
<gender>male</gender>
<gender_conf>0.999989</gender_conf>
<race>Caucasian</race>
<race_conf>0.999889</race_conf>
<loyalty>low</loyalty>
<loyalty_conf>0.966666666667</loyalty_conf>
</face>
</result>
