<?xml version="1.0" encoding="UTF-8"?>
<result>
<face>
<position>0.224479 0.316406 0.046354 0.097656</position>
<age>35-40</age>
<age_conf>0.842113</age_conf>
<gender>female</gender>
<gender_conf>0.999333</gender_conf>
<race>African</race>
<race_conf>0.964888</race_conf>
<loyalty>high</loyalty>
<loyalty_conf>0.733333333333</loyalty_conf>
</face>
<face>
<position>0.347396 0.309375 0.047917 0.095312</position>
<age>30-35</age>
<age_conf>0.430598</age_conf>
<gender>female</gender>
<gender_conf>0.999935</gender_conf>
<race>Caucasian</race>
<race_conf>0.587573</race_conf>
<loyalty>high</loyalty>
<loyalty_conf>0.5</loyalty_conf>
</face>
<face>
<position>0.129688 0.449219 0.046354 0.085156</position>
<age>40-45</age>
<age_conf>0.532745</age_conf>
<gender>female</gender>
<gender_conf>0.999998</gender_conf>
<race>Caucasian</race>
<race_conf>0.999532</race_conf>
<loyalty>high</loyalty>
<loyalty_conf>0.133333333333</loyalty_conf>
</face>
<face>
<position>0.292187 0.424219 0.050521 0.092188</position>
<age>0-20</age>
<age_conf>0.99999</age_conf>
<gender>female</gender>
<gender_conf>0.707513</gender_conf>
<race>African</race>
<race_conf>0.573709</race_conf>
<loyalty>high</loyalty>
<loyalty_conf>0.666666666667</loyalty_conf>
</face>
</result>
