<?xml version="1.0" encoding="UTF-8"?>
<result>
<face>
<position>0.419792 0.304688 0.037500 0.073438</position>
<age>30-35</age>
<age_conf>0.929926</age_conf>
<gender>female</gender>
<gender_conf>0.903999</gender_conf>
<race>Caucasian</race>
<race_conf>0.85566</race_conf>
<loyalty>high</loyalty>
<loyalty_conf>0.633333333333</loyalty_conf>
</face>
<face>
<position>0.333333 0.277344 0.038542 0.065625</position>
<age>35-40</age>
<age_conf>0.812118</age_conf>
<gender>female</gender>
<gender_conf>0.828569</gender_conf>
<race>Caucasian</race>
<race_conf>0.809175</race_conf>
<loyalty>high</loyalty>
<loyalty_conf>0.9</loyalty_conf>
</face>
<face>
<position>0.502604 0.317188 0.034375 0.067187</position>
<age>35-40</age>
<age_conf>0.927643</age_conf>
<gender>female</gender>
<gender_conf>0.99999</gender_conf>
<race>Asian</race>
<race_conf>0.921639</race_conf>
<loyalty>high</loyalty>
<loyalty_conf>0.366666666667</loyalty_conf>
</face>
</result>
