<?xml version="1.0" encoding="UTF-8"?>
<result>
<face>
<position>0.294792 0.435156 0.034896 0.067969</position>
<age>0-20</age>
<age_conf>1.0</age_conf>
<gender>male</gender>
<gender_conf>0.907856</gender_conf>
<race>Caucasian</race>
<race_conf>0.937581</race_conf>
<loyalty>high</loyalty>
<loyalty_conf>0.833333333333</loyalty_conf>
</face>
<face>
<position>0.663021 0.261719 0.042708 0.083594</position>
<age>20-25</age>
<age_conf>0.964895</age_conf>
<gender>male</gender>
<gender_conf>0.99996</gender_conf>
<race>Caucasian</race>
<race_conf>0.999161</race_conf>
<loyalty>high</loyalty>
<loyalty_conf>0.7</loyalty_conf>
</face>
<face>
<position>0.289062 0.241406 0.038021 0.079687</position>
<age>30-35</age>
<age_conf>0.426187</age_conf>
<gender>female</gender>
<gender_conf>0.999999</gender_conf>
<race>Caucasian</race>
<race_conf>0.99922</race_conf>
<loyalty>high</loyalty>
<loyalty_conf>0.866666666667</loyalty_conf>
</face>
<face>
<position>0.412500 0.448437 0.036979 0.073438</position>
<age>0-20</age>
<age_conf>0.995231</age_conf>
<gender>female</gender>
<gender_conf>0.700048</gender_conf>
<race>Caucasian</race>
<race_conf>0.98079</race_conf>
<loyalty>high</loyalty>
<loyalty_conf>0.633333333333</loyalty_conf>
</face>
<face>
<position>0.544271 0.554688 0.034896 0.068750</position>
<age>0-20</age>
<age_conf>0.964205</age_conf>
<gender>male</gender>
<gender_conf>0.994424</gender_conf>
<race>Asian</race>
<race_conf>0.581825</race_conf>
<loyalty>high</loyalty>
<loyalty_conf>0.733333333333</loyalty_conf>
</face>
<face>
<position>0.371875 0.257031 0.036458 0.066406</position>
<age>40-45</age>
<age_conf>0.896926</age_conf>
<gender>female</gender>
<gender_conf>0.985968</gender_conf>
<race>Caucasian</race>
<race_conf>0.53639</race_conf>
<loyalty>high</loyalty>
<loyalty_conf>0.9</loyalty_conf>
</face>
<face>
<position>0.308854 0.414062 0.036458 0.073438</position>
<age>0-20</age>
<age_conf>0.635378</age_conf>
<gender>male</gender>
<gender_conf>0.833192</gender_conf>
<race>Caucasian</race>
<race_conf>0.97899</race_conf>
<loyalty>high</loyalty>
<loyalty_conf>0.866666666667</loyalty_conf>
</face>
</result>
