<?xml version="1.0" encoding="UTF-8"?>
<result>
<face>
<position>0.381048 0.260000 0.086694 0.170000</position>
<age>25-30</age>
<age_conf>0.950307</age_conf>
<gender>male</gender>
<gender_conf>0.566179</gender_conf>
<race>Asian</race>
<race_conf>0.927593</race_conf>
<loyalty>middle</loyalty>
<loyalty_conf>0.375</loyalty_conf>
</face>
<face>
<position>0.231855 0.250000 0.072581 0.176667</position>
<age>0-20</age>
<age_conf>0.866721</age_conf>
<gender>male</gender>
<gender_conf>0.999697</gender_conf>
<race>Caucasian</race>
<race_conf>0.999869</race_conf>
<loyalty>high</loyalty>
<loyalty_conf>1.0</loyalty_conf>
</face>
<face>
<position>0.719758 0.140000 0.086694 0.200000</position>
<age>30-35</age>
<age_conf>0.638864</age_conf>
<gender>male</gender>
<gender_conf>0.999971</gender_conf>
<race>Hispanic</race>
<race_conf>0.961431</race_conf>
<loyalty>high</loyalty>
<loyalty_conf>1.0</loyalty_conf>
</face>
<face>
<position>0.556452 0.240000 0.090726 0.183333</position>
<age>35-40</age>
<age_conf>0.632393</age_conf>
<gender>female</gender>
<gender_conf>0.999721</gender_conf>
<race>Asian</race>
<race_conf>0.993888</race_conf>
<loyalty>middle</loyalty>
<loyalty_conf>0.375</loyalty_conf>
</face>
</result>
