<?xml version="1.0" encoding="UTF-8"?>
<result>
<face>
<position>0.225586 0.306003 0.076172 0.161054</position>
<age>20-25</age>
<age_conf>0.834699</age_conf>
<gender>male</gender>
<gender_conf>0.999981</gender_conf>
<race>African</race>
<race_conf>0.989976</race_conf>
<loyalty>high</loyalty>
<loyalty_conf>1.0</loyalty_conf>
</face>
<face>
<position>0.559570 0.341142 0.072266 0.150805</position>
<age>40-45</age>
<age_conf>0.465177</age_conf>
<gender>female</gender>
<gender_conf>0.99999</gender_conf>
<race>African</race>
<race_conf>0.999706</race_conf>
<loyalty>high</loyalty>
<loyalty_conf>1.0</loyalty_conf>
</face>
<face>
<position>0.088867 0.109810 0.063477 0.124451</position>
<age>0-20</age>
<age_conf>0.991184</age_conf>
<gender>female</gender>
<gender_conf>0.999935</gender_conf>
<race>Hispanic</race>
<race_conf>0.967988</race_conf>
<loyalty>high</loyalty>
<loyalty_conf>1.0</loyalty_conf>
</face>
<face>
<position>0.784180 0.147877 0.070312 0.133236</position>
<age>30-35</age>
<age_conf>0.542322</age_conf>
<gender>female</gender>
<gender_conf>0.999874</gender_conf>
<race>Hispanic</race>
<race_conf>0.807049</race_conf>
<loyalty>high</loyalty>
<loyalty_conf>1.0</loyalty_conf>
</face>
<face>
<position>0.444336 0.360176 0.079102 0.114202</position>
<age>20-25</age>
<age_conf>0.993602</age_conf>
<gender>male</gender>
<gender_conf>0.999825</gender_conf>
<race>African</race>
<race_conf>0.802952</race_conf>
<loyalty>high</loyalty>
<loyalty_conf>0.166666666667</loyalty_conf>
</face>
</result>
