<?xml version="1.0" encoding="UTF-8"?>
<result>
<face>
<position>0.296354 0.278125 0.044271 0.087500</position>
<age>50-55</age>
<age_conf>0.802259</age_conf>
<gender>male</gender>
<gender_conf>0.997856</gender_conf>
<race>Asian</race>
<race_conf>0.813855</race_conf>
<loyalty>middle</loyalty>
<loyalty_conf>0.342105263158</loyalty_conf>
</face>
<face>
<position>0.366667 0.289844 0.038021 0.083594</position>
<age>25-30</age>
<age_conf>0.615159</age_conf>
<gender>male</gender>
<gender_conf>0.965284</gender_conf>
<race>Asian</race>
<race_conf>0.903285</race_conf>
<loyalty>high</loyalty>
<loyalty_conf>0.561403508772</loyalty_conf>
</face>
</result>
