<?xml version="1.0" encoding="UTF-8"?>
<result>
<face>
<position>0.453125 0.292969 0.034375 0.071094</position>
<age>35-40</age>
<age_conf>0.967548</age_conf>
<gender>female</gender>
<gender_conf>0.999834</gender_conf>
<race>Asian</race>
<race_conf>0.740824</race_conf>
<loyalty>middle</loyalty>
<loyalty_conf>0.210526315789</loyalty_conf>
</face>
<face>
<position>0.303646 0.264844 0.042188 0.085938</position>
<age>30-35</age>
<age_conf>0.869371</age_conf>
<gender>female</gender>
<gender_conf>0.999986</gender_conf>
<race>Caucasian</race>
<race_conf>0.973846</race_conf>
<loyalty>low</loyalty>
<loyalty_conf>0.342105263158</loyalty_conf>
</face>
<face>
<position>0.367708 0.317188 0.033333 0.064062</position>
<age>0-20</age>
<age_conf>0.99906</age_conf>
<gender>female</gender>
<gender_conf>0.999949</gender_conf>
<race>Caucasian</race>
<race_conf>0.994996</race_conf>
<loyalty>high</loyalty>
<loyalty_conf>0.473684210526</loyalty_conf>
</face>
</result>
