<?xml version="1.0" encoding="UTF-8"?>
<result>
<face>
<position>0.460938 0.410156 0.038542 0.072656</position>
<age>0-20</age>
<age_conf>0.999943</age_conf>
<gender>female</gender>
<gender_conf>0.997929</gender_conf>
<race>Hispanic</race>
<race_conf>0.825556</race_conf>
<loyalty>high</loyalty>
<loyalty_conf>0.385964912281</loyalty_conf>
</face>
<face>
<position>0.329167 0.281250 0.040625 0.065625</position>
<age>35-40</age>
<age_conf>0.281036</age_conf>
<gender>female</gender>
<gender_conf>0.999278</gender_conf>
<race>Caucasian</race>
<race_conf>0.90072</race_conf>
<loyalty>high</loyalty>
<loyalty_conf>0.868421052632</loyalty_conf>
</face>
</result>
