<?xml version="1.0" encoding="UTF-8"?>
<result>
<face>
<position>0.363021 0.219531 0.037500 0.075781</position>
<age>30-35</age>
<age_conf>0.987053</age_conf>
<gender>female</gender>
<gender_conf>1.0</gender_conf>
<race>African</race>
<race_conf>0.811829</race_conf>
<loyalty>low</loyalty>
<loyalty_conf>0.868421052632</loyalty_conf>
</face>
<face>
<position>0.256250 0.259375 0.047396 0.097656</position>
<age>30-35</age>
<age_conf>0.957895</age_conf>
<gender>female</gender>
<gender_conf>0.999941</gender_conf>
<race>Caucasian</race>
<race_conf>0.997635</race_conf>
<loyalty>high</loyalty>
<loyalty_conf>0.736842105263</loyalty_conf>
</face>
<face>
<position>0.473438 0.243750 0.047917 0.089063</position>
<age>35-40</age>
<age_conf>0.855259</age_conf>
<gender>female</gender>
<gender_conf>0.999998</gender_conf>
<race>Caucasian</race>
<race_conf>0.999728</race_conf>
<loyalty>high</loyalty>
<loyalty_conf>0.736842105263</loyalty_conf>
</face>
</result>
