<?xml version="1.0" encoding="UTF-8"?>
<result>
<face>
<position>0.470313 0.355469 0.047917 0.092188</position>
<age>40-45</age>
<age_conf>0.874707</age_conf>
<gender>female</gender>
<gender_conf>0.96795</gender_conf>
<race>Caucasian</race>
<race_conf>0.675871</race_conf>
<loyalty>low</loyalty>
<loyalty_conf>0.868421052632</loyalty_conf>
</face>
<face>
<position>0.257292 0.394531 0.049479 0.090625</position>
<age>40-45</age>
<age_conf>0.962132</age_conf>
<gender>female</gender>
<gender_conf>1.0</gender_conf>
<race>Hispanic</race>
<race_conf>0.875562</race_conf>
<loyalty>high</loyalty>
<loyalty_conf>0.868421052632</loyalty_conf>
</face>
<face>
<position>0.367708 0.400000 0.043750 0.082031</position>
<age>35-40</age>
<age_conf>0.943666</age_conf>
<gender>female</gender>
<gender_conf>0.999997</gender_conf>
<race>Caucasian</race>
<race_conf>0.89425</race_conf>
<loyalty>high</loyalty>
<loyalty_conf>0.0350877192982</loyalty_conf>
</face>
<face>
<position>0.152083 0.381250 0.044271 0.110937</position>
<age>45-50</age>
<age_conf>0.888435</age_conf>
<gender>female</gender>
<gender_conf>0.999998</gender_conf>
<race>Caucasian</race>
<race_conf>0.993036</race_conf>
<loyalty>high</loyalty>
<loyalty_conf>0.166666666667</loyalty_conf>
</face>
</result>
