<?xml version="1.0" encoding="UTF-8"?>
<result>
<face>
<position>0.476562 0.214844 0.036979 0.069531</position>
<age>0-20</age>
<age_conf>0.87768</age_conf>
<gender>female</gender>
<gender_conf>0.999999</gender_conf>
<race>Caucasian</race>
<race_conf>0.716714</race_conf>
<loyalty>high</loyalty>
<loyalty_conf>0.166666666667</loyalty_conf>
</face>
<face>
<position>0.395833 0.228125 0.037500 0.075000</position>
<age>20-25</age>
<age_conf>0.936666</age_conf>
<gender>male</gender>
<gender_conf>0.998906</gender_conf>
<race>Hispanic</race>
<race_conf>0.473522</race_conf>
<loyalty>middle</loyalty>
<loyalty_conf>0.802631578947</loyalty_conf>
</face>
<face>
<position>0.325000 0.266406 0.039583 0.071875</position>
<age>20-25</age>
<age_conf>0.869817</age_conf>
<gender>female</gender>
<gender_conf>0.998036</gender_conf>
<race>Caucasian</race>
<race_conf>0.998074</race_conf>
<loyalty>high</loyalty>
<loyalty_conf>0.649122807018</loyalty_conf>
</face>
</result>
