<?xml version="1.0" encoding="UTF-8"?>
<result>
<face>
<position>0.522396 0.257031 0.040625 0.082812</position>
<age>30-35</age>
<age_conf>0.786128</age_conf>
<gender>female</gender>
<gender_conf>1.0</gender_conf>
<race>Caucasian</race>
<race_conf>0.958267</race_conf>
<loyalty>high</loyalty>
<loyalty_conf>0.736842105263</loyalty_conf>
</face>
<face>
<position>0.446875 0.282813 0.041146 0.077344</position>
<age>20-25</age>
<age_conf>0.987224</age_conf>
<gender>female</gender>
<gender_conf>0.999984</gender_conf>
<race>Caucasian</race>
<race_conf>0.986476</race_conf>
<loyalty>low</loyalty>
<loyalty_conf>0.824561403509</loyalty_conf>
</face>
<face>
<position>0.348438 0.258594 0.033854 0.063281</position>
<age>40-45</age>
<age_conf>0.480449</age_conf>
<gender>female</gender>
<gender_conf>0.999981</gender_conf>
<race>Caucasian</race>
<race_conf>0.948596</race_conf>
<loyalty>high</loyalty>
<loyalty_conf>0.868421052632</loyalty_conf>
</face>
</result>
