<?xml version="1.0" encoding="UTF-8"?>
<result>
<face>
<position>0.458333 0.267969 0.039583 0.078906</position>
<age>0-20</age>
<age_conf>0.994942</age_conf>
<gender>female</gender>
<gender_conf>0.999947</gender_conf>
<race>Hispanic</race>
<race_conf>0.843547</race_conf>
<loyalty>high</loyalty>
<loyalty_conf>0.780701754386</loyalty_conf>
</face>
<face>
<position>0.355208 0.229687 0.036979 0.067969</position>
<age>40-45</age>
<age_conf>0.318483</age_conf>
<gender>female</gender>
<gender_conf>0.999793</gender_conf>
<race>Caucasian</race>
<race_conf>0.980004</race_conf>
<loyalty>high</loyalty>
<loyalty_conf>0.868421052632</loyalty_conf>
</face>
</result>
