<?xml version="1.0" encoding="UTF-8"?>
<result>
<face>
<position>0.502604 0.281250 0.040625 0.077344</position>
<age>0-20</age>
<age_conf>0.998484</age_conf>
<gender>female</gender>
<gender_conf>0.999973</gender_conf>
<race>Caucasian</race>
<race_conf>0.967714</race_conf>
<loyalty>high</loyalty>
<loyalty_conf>0.69298245614</loyalty_conf>
</face>
<face>
<position>0.404167 0.229687 0.044792 0.096094</position>
<age>40-45</age>
<age_conf>0.685237</age_conf>
<gender>female</gender>
<gender_conf>0.999997</gender_conf>
<race>Caucasian</race>
<race_conf>0.999879</race_conf>
<loyalty>high</loyalty>
<loyalty_conf>0.298245614035</loyalty_conf>
</face>
</result>
