<?xml version="1.0" encoding="UTF-8"?>
<result>
<face>
<position>0.452083 0.262500 0.038542 0.078906</position>
<age>20-25</age>
<age_conf>0.61996</age_conf>
<gender>male</gender>
<gender_conf>0.996179</gender_conf>
<race>Hispanic</race>
<race_conf>0.733699</race_conf>
<loyalty>low</loyalty>
<loyalty_conf>0.254385964912</loyalty_conf>
</face>
<face>
<position>0.292187 0.257812 0.041667 0.085156</position>
<age>20-25</age>
<age_conf>0.846221</age_conf>
<gender>female</gender>
<gender_conf>1.0</gender_conf>
<race>Caucasian</race>
<race_conf>0.999066</race_conf>
<loyalty>high</loyalty>
<loyalty_conf>0.605263157895</loyalty_conf>
</face>
<face>
<position>0.341146 0.310156 0.041667 0.088281</position>
<age>0-20</age>
<age_conf>0.999652</age_conf>
<gender>female</gender>
<gender_conf>1.0</gender_conf>
<race>Hispanic</race>
<race_conf>0.533959</race_conf>
<loyalty>high</loyalty>
<loyalty_conf>0.69298245614</loyalty_conf>
</face>
<face>
<position>0.392708 0.331250 0.042188 0.079687</position>
<age>0-20</age>
<age_conf>0.824391</age_conf>
<gender>male</gender>
<gender_conf>0.926015</gender_conf>
<race>Caucasian</race>
<race_conf>0.883334</race_conf>
<loyalty>high</loyalty>
<loyalty_conf>0.517543859649</loyalty_conf>
</face>
</result>
