<?xml version="1.0" encoding="UTF-8"?>
<result>
<face>
<position>0.662500 0.324219 0.040104 0.078125</position>
<age>0-20</age>
<age_conf>0.896244</age_conf>
<gender>female</gender>
<gender_conf>0.999991</gender_conf>
<race>Caucasian</race>
<race_conf>0.970931</race_conf>
<loyalty>middle</loyalty>
<loyalty_conf>0.934210526316</loyalty_conf>
</face>
<face>
<position>0.394792 0.261719 0.032813 0.062500</position>
<age>35-40</age>
<age_conf>0.561979</age_conf>
<gender>female</gender>
<gender_conf>0.996909</gender_conf>
<race>Caucasian</race>
<race_conf>0.682816</race_conf>
<loyalty>high</loyalty>
<loyalty_conf>0.868421052632</loyalty_conf>
</face>
</result>
