<?xml version="1.0" encoding="UTF-8"?>
<result>
<face>
<position>0.544271 0.195312 0.043750 0.084375</position>
<age>40-45</age>
<age_conf>0.782275</age_conf>
<gender>female</gender>
<gender_conf>0.999513</gender_conf>
<race>Caucasian</race>
<race_conf>0.850992</race_conf>
<loyalty>high</loyalty>
<loyalty_conf>0.780701754386</loyalty_conf>
</face>
<face>
<position>0.361979 0.210938 0.038021 0.073438</position>
<age>35-40</age>
<age_conf>0.591194</age_conf>
<gender>female</gender>
<gender_conf>0.895823</gender_conf>
<race>Hispanic</race>
<race_conf>0.379168</race_conf>
<loyalty>high</loyalty>
<loyalty_conf>0.561403508772</loyalty_conf>
</face>
</result>
