<?xml version="1.0" encoding="UTF-8"?>
<result>
<face>
<position>0.538542 0.292187 0.038542 0.078906</position>
<age>20-25</age>
<age_conf>0.665384</age_conf>
<gender>female</gender>
<gender_conf>0.999641</gender_conf>
<race>Asian</race>
<race_conf>0.610242</race_conf>
<loyalty>middle</loyalty>
<loyalty_conf>0.0131578947368</loyalty_conf>
</face>
<face>
<position>0.454167 0.289844 0.044792 0.080469</position>
<age>35-40</age>
<age_conf>0.868965</age_conf>
<gender>female</gender>
<gender_conf>0.986264</gender_conf>
<race>African</race>
<race_conf>0.666591</race_conf>
<loyalty>low</loyalty>
<loyalty_conf>0.649122807018</loyalty_conf>
</face>
<face>
<position>0.331250 0.256250 0.039583 0.070312</position>
<age>25-30</age>
<age_conf>0.770341</age_conf>
<gender>female</gender>
<gender_conf>0.998905</gender_conf>
<race>Hispanic</race>
<race_conf>0.648653</race_conf>
<loyalty>high</loyalty>
<loyalty_conf>0.868421052632</loyalty_conf>
</face>
</result>
