<?xml version="1.0" encoding="UTF-8"?>
<result>
<face>
<position>0.306250 0.212500 0.041667 0.084375</position>
<age>35-40</age>
<age_conf>0.82484</age_conf>
<gender>male</gender>
<gender_conf>0.996382</gender_conf>
<race>Hispanic</race>
<race_conf>0.763716</race_conf>
<loyalty>high</loyalty>
<loyalty_conf>0.868421052632</loyalty_conf>
</face>
<face>
<position>0.472917 0.314063 0.049479 0.089063</position>
<age>0-20</age>
<age_conf>0.418118</age_conf>
<gender>female</gender>
<gender_conf>0.999937</gender_conf>
<race>African</race>
<race_conf>0.999786</race_conf>
<loyalty>high</loyalty>
<loyalty_conf>0.868421052632</loyalty_conf>
</face>
</result>
