<?xml version="1.0" encoding="UTF-8"?>
<result>
<face>
<position>0.419271 0.446094 0.043229 0.083594</position>
<age>0-20</age>
<age_conf>0.994593</age_conf>
<gender>female</gender>
<gender_conf>0.997466</gender_conf>
<race>African</race>
<race_conf>0.995759</race_conf>
<loyalty>high</loyalty>
<loyalty_conf>0.780701754386</loyalty_conf>
</face>
<face>
<position>0.370833 0.232031 0.041667 0.073438</position>
<age>40-45</age>
<age_conf>0.554693</age_conf>
<gender>female</gender>
<gender_conf>0.969949</gender_conf>
<race>Caucasian</race>
<race_conf>0.943097</race_conf>
<loyalty>high</loyalty>
<loyalty_conf>0.868421052632</loyalty_conf>
</face>
</result>
