<?xml version="1.0" encoding="UTF-8"?>
<result>
<face>
<position>0.451562 0.194531 0.038021 0.078906</position>
<age>0-20</age>
<age_conf>0.999954</age_conf>
<gender>female</gender>
<gender_conf>0.997818</gender_conf>
<race>African</race>
<race_conf>0.999965</race_conf>
<loyalty>middle</loyalty>
<loyalty_conf>0.210526315789</loyalty_conf>
</face>
<face>
<position>0.353646 0.196875 0.038542 0.070312</position>
<age>35-40</age>
<age_conf>0.490663</age_conf>
<gender>female</gender>
<gender_conf>0.99949</gender_conf>
<race>Caucasian</race>
<race_conf>0.990777</race_conf>
<loyalty>high</loyalty>
<loyalty_conf>0.868421052632</loyalty_conf>
</face>
</result>
