<?xml version="1.0" encoding="UTF-8"?>
<result>
<face>
<position>0.465104 0.265625 0.048958 0.114062</position>
<age>25-30</age>
<age_conf>0.469422</age_conf>
<gender>female</gender>
<gender_conf>0.79711</gender_conf>
<race>Caucasian</race>
<race_conf>0.865339</race_conf>
<loyalty>low</loyalty>
<loyalty_conf>0.780701754386</loyalty_conf>
</face>
<face>
<position>0.566146 0.292187 0.047396 0.092188</position>
<age>30-35</age>
<age_conf>0.558582</age_conf>
<gender>female</gender>
<gender_conf>0.999987</gender_conf>
<race>Hispanic</race>
<race_conf>0.515505</race_conf>
<loyalty>high</loyalty>
<loyalty_conf>0.605263157895</loyalty_conf>
</face>
<face>
<position>0.367188 0.303125 0.045833 0.090625</position>
<age>30-35</age>
<age_conf>0.580162</age_conf>
<gender>female</gender>
<gender_conf>0.999996</gender_conf>
<race>Caucasian</race>
<race_conf>0.99861</race_conf>
<loyalty>low</loyalty>
<loyalty_conf>0.956140350877</loyalty_conf>
</face>
</result>
