<?xml version="1.0" encoding="UTF-8"?>
<result>
<face>
<position>0.412500 0.292969 0.043229 0.084375</position>
<age>20-25</age>
<age_conf>0.912906</age_conf>
<gender>female</gender>
<gender_conf>0.999822</gender_conf>
<race>Caucasian</race>
<race_conf>0.999803</race_conf>
<loyalty>high</loyalty>
<loyalty_conf>0.868421052632</loyalty_conf>
</face>
<face>
<position>0.314583 0.225781 0.052604 0.100781</position>
<age>40-45</age>
<age_conf>0.711629</age_conf>
<gender>male</gender>
<gender_conf>0.988019</gender_conf>
<race>Caucasian</race>
<race_conf>0.970841</race_conf>
<loyalty>high</loyalty>
<loyalty_conf>0.780701754386</loyalty_conf>
</face>
</result>
