<?xml version="1.0" encoding="UTF-8"?>
<result>
<face>
<position>0.330208 0.332031 0.040625 0.080469</position>
<age>0-20</age>
<age_conf>0.980611</age_conf>
<gender>female</gender>
<gender_conf>0.999961</gender_conf>
<race>African</race>
<race_conf>0.994657</race_conf>
<loyalty>high</loyalty>
<loyalty_conf>0.868421052632</loyalty_conf>
</face>
<face>
<position>0.378646 0.278125 0.034375 0.065625</position>
<age>35-40</age>
<age_conf>0.583386</age_conf>
<gender>male</gender>
<gender_conf>0.693429</gender_conf>
<race>Caucasian</race>
<race_conf>0.997865</race_conf>
<loyalty>high</loyalty>
<loyalty_conf>0.868421052632</loyalty_conf>
</face>
</result>
