<?xml version="1.0" encoding="UTF-8"?>
<result>
<face>
<position>0.446354 0.348438 0.038542 0.073438</position>
<age>0-20</age>
<age_conf>0.999952</age_conf>
<gender>male</gender>
<gender_conf>0.976958</gender_conf>
<race>Caucasian</race>
<race_conf>0.691259</race_conf>
<loyalty>high</loyalty>
<loyalty_conf>0.649122807018</loyalty_conf>
</face>
<face>
<position>0.486979 0.450781 0.047396 0.094531</position>
<age>40-45</age>
<age_conf>0.747261</age_conf>
<gender>female</gender>
<gender_conf>0.987293</gender_conf>
<race>African</race>
<race_conf>0.997007</race_conf>
<loyalty>high</loyalty>
<loyalty_conf>0.824561403509</loyalty_conf>
</face>
<face>
<position>0.385937 0.349219 0.040625 0.081250</position>
<age>0-20</age>
<age_conf>0.951121</age_conf>
<gender>female</gender>
<gender_conf>0.996465</gender_conf>
<race>Hispanic</race>
<race_conf>0.612361</race_conf>
<loyalty>high</loyalty>
<loyalty_conf>0.868421052632</loyalty_conf>
</face>
</result>
