<?xml version="1.0" encoding="UTF-8"?>
<result>
<face>
<position>0.285417 0.279687 0.039583 0.085156</position>
<age>0-20</age>
<age_conf>0.999888</age_conf>
<gender>female</gender>
<gender_conf>0.999999</gender_conf>
<race>Caucasian</race>
<race_conf>0.957003</race_conf>
<loyalty>high</loyalty>
<loyalty_conf>0.473684210526</loyalty_conf>
</face>
<face>
<position>0.756771 0.138281 0.047396 0.100000</position>
<age>25-30</age>
<age_conf>0.696271</age_conf>
<gender>male</gender>
<gender_conf>0.999997</gender_conf>
<race>Hispanic</race>
<race_conf>0.969192</race_conf>
<loyalty>low</loyalty>
<loyalty_conf>0.868421052632</loyalty_conf>
</face>
<face>
<position>0.668229 0.187500 0.048958 0.096094</position>
<age>0-20</age>
<age_conf>0.992059</age_conf>
<gender>female</gender>
<gender_conf>0.989345</gender_conf>
<race>Caucasian</race>
<race_conf>0.99814</race_conf>
<loyalty>high</loyalty>
<loyalty_conf>0.69298245614</loyalty_conf>
</face>
<face>
<position>0.472396 0.257031 0.039583 0.084375</position>
<age>20-25</age>
<age_conf>0.966357</age_conf>
<gender>female</gender>
<gender_conf>0.999862</gender_conf>
<race>African</race>
<race_conf>0.496854</race_conf>
<loyalty>high</loyalty>
<loyalty_conf>0.69298245614</loyalty_conf>
</face>
<face>
<position>0.557292 0.214062 0.051562 0.103906</position>
<age>30-35</age>
<age_conf>0.444341</age_conf>
<gender>female</gender>
<gender_conf>0.999977</gender_conf>
<race>African</race>
<race_conf>0.866314</race_conf>
<loyalty>high</loyalty>
<loyalty_conf>0.69298245614</loyalty_conf>
</face>
<face>
<position>0.372396 0.225000 0.044271 0.092188</position>
<age>35-40</age>
<age_conf>0.800167</age_conf>
<gender>male</gender>
<gender_conf>1.0</gender_conf>
<race>Caucasian</race>
<race_conf>0.999861</race_conf>
<loyalty>middle</loyalty>
<loyalty_conf>0.276315789474</loyalty_conf>
</face>
</result>
