<?xml version="1.0" encoding="UTF-8"?>
<result>
<face>
<position>0.743750 0.263281 0.048958 0.085156</position>
<age>35-40</age>
<age_conf>0.693683</age_conf>
<gender>female</gender>
<gender_conf>0.989717</gender_conf>
<race>Caucasian</race>
<race_conf>0.527392</race_conf>
<loyalty>high</loyalty>
<loyalty_conf>0.517543859649</loyalty_conf>
</face>
<face>
<position>0.301042 0.338281 0.034375 0.075781</position>
<age>0-20</age>
<age_conf>0.999936</age_conf>
<gender>female</gender>
<gender_conf>0.912101</gender_conf>
<race>African</race>
<race_conf>0.997491</race_conf>
<loyalty>high</loyalty>
<loyalty_conf>0.210526315789</loyalty_conf>
</face>
<face>
<position>0.363021 0.272656 0.038021 0.081250</position>
<age>0-20</age>
<age_conf>0.963633</age_conf>
<gender>female</gender>
<gender_conf>0.999785</gender_conf>
<race>Caucasian</race>
<race_conf>0.985316</race_conf>
<loyalty>high</loyalty>
<loyalty_conf>0.780701754386</loyalty_conf>
</face>
<face>
<position>0.635938 0.253906 0.038021 0.073438</position>
<age>20-25</age>
<age_conf>0.841976</age_conf>
<gender>female</gender>
<gender_conf>0.999405</gender_conf>
<race>Caucasian</race>
<race_conf>0.637862</race_conf>
<loyalty>high</loyalty>
<loyalty_conf>0.517543859649</loyalty_conf>
</face>
</result>
