<?xml version="1.0" encoding="UTF-8"?>
<result>
<face>
<position>0.564063 0.205469 0.046354 0.092969</position>
<age>20-25</age>
<age_conf>0.408699</age_conf>
<gender>female</gender>
<gender_conf>0.999985</gender_conf>
<race>Caucasian</race>
<race_conf>0.992832</race_conf>
<loyalty>high</loyalty>
<loyalty_conf>0.780701754386</loyalty_conf>
</face>
<face>
<position>0.428125 0.225000 0.043229 0.085156</position>
<age>0-20</age>
<age_conf>0.76274</age_conf>
<gender>female</gender>
<gender_conf>0.999844</gender_conf>
<race>Caucasian</race>
<race_conf>0.979689</race_conf>
<loyalty>high</loyalty>
<loyalty_conf>0.254385964912</loyalty_conf>
</face>
</result>
