<?xml version="1.0" encoding="UTF-8"?>
<result>
<face>
<position>0.295833 0.219531 0.041667 0.080469</position>
<age>40-45</age>
<age_conf>0.721634</age_conf>
<gender>male</gender>
<gender_conf>0.952356</gender_conf>
<race>African</race>
<race_conf>0.976457</race_conf>
<loyalty>high</loyalty>
<loyalty_conf>0.605263157895</loyalty_conf>
</face>
<face>
<position>0.458854 0.267969 0.034896 0.075000</position>
<age>0-20</age>
<age_conf>0.466574</age_conf>
<gender>female</gender>
<gender_conf>0.999972</gender_conf>
<race>Hispanic</race>
<race_conf>0.503414</race_conf>
<loyalty>high</loyalty>
<loyalty_conf>0.605263157895</loyalty_conf>
</face>
<face>
<position>0.392188 0.243750 0.038021 0.070312</position>
<age>30-35</age>
<age_conf>0.48268</age_conf>
<gender>female</gender>
<gender_conf>0.999727</gender_conf>
<race>Hispanic</race>
<race_conf>0.58766</race_conf>
<loyalty>high</loyalty>
<loyalty_conf>0.824561403509</loyalty_conf>
</face>
<face>
<position>0.432812 0.367969 0.035417 0.066406</position>
<age>0-20</age>
<age_conf>0.998038</age_conf>
<gender>female</gender>
<gender_conf>1.0</gender_conf>
<race>African</race>
<race_conf>0.998488</race_conf>
<loyalty>high</loyalty>
<loyalty_conf>0.780701754386</loyalty_conf>
</face>
<face>
<position>0.370833 0.234375 0.034896 0.072656</position>
<age>40-45</age>
<age_conf>0.489283</age_conf>
<gender>female</gender>
<gender_conf>0.99067</gender_conf>
<race>Caucasian</race>
<race_conf>0.404039</race_conf>
<loyalty>high</loyalty>
<loyalty_conf>0.868421052632</loyalty_conf>
</face>
</result>
