<?xml version="1.0" encoding="UTF-8"?>
<result>
<face>
<position>0.591667 0.311719 0.038542 0.076563</position>
<age>35-40</age>
<age_conf>0.583377</age_conf>
<gender>female</gender>
<gender_conf>0.999848</gender_conf>
<race>Caucasian</race>
<race_conf>0.998014</race_conf>
<loyalty>high</loyalty>
<loyalty_conf>0.868421052632</loyalty_conf>
</face>
<face>
<position>0.408333 0.297656 0.034375 0.067969</position>
<age>20-25</age>
<age_conf>0.593282</age_conf>
<gender>female</gender>
<gender_conf>0.999995</gender_conf>
<race>Caucasian</race>
<race_conf>0.959875</race_conf>
<loyalty>high</loyalty>
<loyalty_conf>0.736842105263</loyalty_conf>
</face>
<face>
<position>0.297917 0.329688 0.038021 0.074219</position>
<age>35-40</age>
<age_conf>0.541661</age_conf>
<gender>female</gender>
<gender_conf>0.999696</gender_conf>
<race>Caucasian</race>
<race_conf>0.930706</race_conf>
<loyalty>high</loyalty>
<loyalty_conf>0.780701754386</loyalty_conf>
</face>
<face>
<position>0.469271 0.314844 0.034375 0.073438</position>
<age>0-20</age>
<age_conf>0.602106</age_conf>
<gender>female</gender>
<gender_conf>0.999963</gender_conf>
<race>Caucasian</race>
<race_conf>0.990916</race_conf>
<loyalty>high</loyalty>
<loyalty_conf>0.210526315789</loyalty_conf>
</face>
<face>
<position>0.319271 0.316406 0.040104 0.080469</position>
<age>25-30</age>
<age_conf>0.542998</age_conf>
<gender>female</gender>
<gender_conf>0.999474</gender_conf>
<race>Caucasian</race>
<race_conf>0.444661</race_conf>
<loyalty>high</loyalty>
<loyalty_conf>0.868421052632</loyalty_conf>
</face>
</result>
