<?xml version="1.0" encoding="UTF-8"?>
<result>
<face>
<position>0.462500 0.290625 0.051562 0.098437</position>
<age>20-25</age>
<age_conf>0.598901</age_conf>
<gender>female</gender>
<gender_conf>0.999873</gender_conf>
<race>Hispanic</race>
<race_conf>0.756746</race_conf>
<loyalty>middle</loyalty>
<loyalty_conf>0.539473684211</loyalty_conf>
</face>
<face>
<position>0.346354 0.255469 0.036458 0.067969</position>
<age>40-45</age>
<age_conf>0.449206</age_conf>
<gender>female</gender>
<gender_conf>0.938314</gender_conf>
<race>Caucasian</race>
<race_conf>0.997782</race_conf>
<loyalty>high</loyalty>
<loyalty_conf>0.868421052632</loyalty_conf>
</face>
</result>
