<?xml version="1.0" encoding="UTF-8"?>
<result>
<face>
<position>0.679688 0.203906 0.036458 0.074219</position>
<age>20-25</age>
<age_conf>0.83997</age_conf>
<gender>female</gender>
<gender_conf>1.0</gender_conf>
<race>Caucasian</race>
<race_conf>0.99018</race_conf>
<loyalty>high</loyalty>
<loyalty_conf>0.736842105263</loyalty_conf>
</face>
<face>
<position>0.370312 0.236719 0.035417 0.065625</position>
<age>40-45</age>
<age_conf>0.681008</age_conf>
<gender>female</gender>
<gender_conf>0.994532</gender_conf>
<race>Hispanic</race>
<race_conf>0.584173</race_conf>
<loyalty>high</loyalty>
<loyalty_conf>0.868421052632</loyalty_conf>
</face>
<face>
<position>0.563021 0.485156 0.045312 0.089063</position>
<age>35-40</age>
<age_conf>0.314655</age_conf>
<gender>male</gender>
<gender_conf>0.999793</gender_conf>
<race>Caucasian</race>
<race_conf>0.902859</race_conf>
<loyalty>high</loyalty>
<loyalty_conf>0.824561403509</loyalty_conf>
</face>
</result>
