<?xml version="1.0" encoding="UTF-8"?>
<result>
<face>
<position>0.669792 0.281250 0.038021 0.069531</position>
<age>20-25</age>
<age_conf>0.689187</age_conf>
<gender>male</gender>
<gender_conf>0.987679</gender_conf>
<race>Asian</race>
<race_conf>0.90751</race_conf>
<loyalty>high</loyalty>
<loyalty_conf>0.0789473684211</loyalty_conf>
</face>
<face>
<position>0.341667 0.214844 0.039062 0.075781</position>
<age>20-25</age>
<age_conf>0.711019</age_conf>
<gender>female</gender>
<gender_conf>0.999987</gender_conf>
<race>Caucasian</race>
<race_conf>0.981608</race_conf>
<loyalty>high</loyalty>
<loyalty_conf>0.824561403509</loyalty_conf>
</face>
</result>
