<?xml version="1.0" encoding="UTF-8"?>
<result>
<face>
<position>0.393229 0.198437 0.047917 0.091406</position>
<age>35-40</age>
<age_conf>0.507753</age_conf>
<gender>male</gender>
<gender_conf>0.999871</gender_conf>
<race>Asian</race>
<race_conf>0.688401</race_conf>
<loyalty>low</loyalty>
<loyalty_conf>0.633333333333</loyalty_conf>
</face>
<face>
<position>0.310417 0.243750 0.043750 0.081250</position>
<age>30-35</age>
<age_conf>0.930199</age_conf>
<gender>female</gender>
<gender_conf>0.999997</gender_conf>
<race>Caucasian</race>
<race_conf>0.982176</race_conf>
<loyalty>high</loyalty>
<loyalty_conf>0.633333333333</loyalty_conf>
</face>
</result>
