<?xml version="1.0" encoding="UTF-8"?>
<result>
<face>
<position>0.753646 0.302344 0.050000 0.094531</position>
<age>0-20</age>
<age_conf>0.931274</age_conf>
<gender>female</gender>
<gender_conf>0.999997</gender_conf>
<race>Caucasian</race>
<race_conf>0.975027</race_conf>
<loyalty>high</loyalty>
<loyalty_conf>0.333333333333</loyalty_conf>
</face>
<face>
<position>0.654687 0.362500 0.044792 0.085156</position>
<age>30-35</age>
<age_conf>0.430065</age_conf>
<gender>female</gender>
<gender_conf>0.99788</gender_conf>
<race>Hispanic</race>
<race_conf>0.781744</race_conf>
<loyalty>low</loyalty>
<loyalty_conf>0.766666666667</loyalty_conf>
</face>
<face>
<position>0.288021 0.294531 0.039062 0.074219</position>
<age>30-35</age>
<age_conf>0.589766</age_conf>
<gender>female</gender>
<gender_conf>0.995549</gender_conf>
<race>Caucasian</race>
<race_conf>0.713223</race_conf>
<loyalty>high</loyalty>
<loyalty_conf>0.866666666667</loyalty_conf>
</face>
</result>
