<?xml version="1.0" encoding="UTF-8"?>
<result>
<face>
<position>0.456771 0.241406 0.039062 0.069531</position>
<age>25-30</age>
<age_conf>0.922871</age_conf>
<gender>female</gender>
<gender_conf>1.0</gender_conf>
<race>Hispanic</race>
<race_conf>0.987246</race_conf>
<loyalty>middle</loyalty>
<loyalty_conf>0.95</loyalty_conf>
</face>
<face>
<position>0.354687 0.447656 0.045312 0.074219</position>
<age>0-20</age>
<age_conf>0.999847</age_conf>
<gender>female</gender>
<gender_conf>0.990458</gender_conf>
<race>African</race>
<race_conf>0.997761</race_conf>
<loyalty>high</loyalty>
<loyalty_conf>0.766666666667</loyalty_conf>
</face>
<face>
<position>0.597396 0.511719 0.052083 0.092188</position>
<age>0-20</age>
<age_conf>0.98493</age_conf>
<gender>female</gender>
<gender_conf>0.962337</gender_conf>
<race>Caucasian</race>
<race_conf>0.991391</race_conf>
<loyalty>high</loyalty>
<loyalty_conf>0.833333333333</loyalty_conf>
</face>
<face>
<position>0.375000 0.253906 0.038021 0.068750</position>
<age>25-30</age>
<age_conf>0.738532</age_conf>
<gender>female</gender>
<gender_conf>0.999849</gender_conf>
<race>Hispanic</race>
<race_conf>0.861755</race_conf>
<loyalty>high</loyalty>
<loyalty_conf>0.966666666667</loyalty_conf>
</face>
</result>
