<?xml version="1.0" encoding="UTF-8"?>
<result>
<face>
<position>0.438021 0.358594 0.051042 0.096875</position>
<age>20-25</age>
<age_conf>0.830487</age_conf>
<gender>female</gender>
<gender_conf>0.999589</gender_conf>
<race>Caucasian</race>
<race_conf>0.918406</race_conf>
<loyalty>middle</loyalty>
<loyalty_conf>0.55</loyalty_conf>
</face>
<face>
<position>0.522917 0.354687 0.049479 0.097656</position>
<age>30-35</age>
<age_conf>0.629577</age_conf>
<gender>female</gender>
<gender_conf>1.0</gender_conf>
<race>Caucasian</race>
<race_conf>0.999996</race_conf>
<loyalty>low</loyalty>
<loyalty_conf>0.933333333333</loyalty_conf>
</face>
<face>
<position>0.346875 0.323437 0.033854 0.062500</position>
<age>35-40</age>
<age_conf>0.39264</age_conf>
<gender>female</gender>
<gender_conf>0.963609</gender_conf>
<race>African</race>
<race_conf>0.472638</race_conf>
<loyalty>high</loyalty>
<loyalty_conf>0.866666666667</loyalty_conf>
</face>
</result>
