<?xml version="1.0" encoding="UTF-8"?>
<result>
<face>
<position>0.525000 0.247656 0.046354 0.083594</position>
<age>0-20</age>
<age_conf>0.800853</age_conf>
<gender>male</gender>
<gender_conf>0.990963</gender_conf>
<race>African</race>
<race_conf>0.748333</race_conf>
<loyalty>middle</loyalty>
<loyalty_conf>0.25</loyalty_conf>
</face>
<face>
<position>0.428646 0.278906 0.041146 0.080469</position>
<age>20-25</age>
<age_conf>0.878911</age_conf>
<gender>female</gender>
<gender_conf>0.998816</gender_conf>
<race>Hispanic</race>
<race_conf>0.836153</race_conf>
<loyalty>middle</loyalty>
<loyalty_conf>0.8</loyalty_conf>
</face>
<face>
<position>0.485938 0.246875 0.040625 0.078125</position>
<age>0-20</age>
<age_conf>0.99193</age_conf>
<gender>female</gender>
<gender_conf>0.996054</gender_conf>
<race>Caucasian</race>
<race_conf>0.989025</race_conf>
<loyalty>high</loyalty>
<loyalty_conf>0.7</loyalty_conf>
</face>
</result>
