<?xml version="1.0" encoding="UTF-8"?>
<result>
<face>
<position>0.256771 0.249219 0.031771 0.061719</position>
<age>30-35</age>
<age_conf>0.706948</age_conf>
<gender>female</gender>
<gender_conf>1.0</gender_conf>
<race>Hispanic</race>
<race_conf>0.919888</race_conf>
<loyalty>high</loyalty>
<loyalty_conf>0.633333333333</loyalty_conf>
</face>
<face>
<position>0.430208 0.280469 0.028646 0.057031</position>
<age>35-40</age>
<age_conf>0.774106</age_conf>
<gender>female</gender>
<gender_conf>0.999999</gender_conf>
<race>Hispanic</race>
<race_conf>0.540391</race_conf>
<loyalty>high</loyalty>
<loyalty_conf>0.633333333333</loyalty_conf>
</face>
<face>
<position>0.328125 0.252344 0.038542 0.075000</position>
<age>20-25</age>
<age_conf>0.516477</age_conf>
<gender>female</gender>
<gender_conf>0.930086</gender_conf>
<race>Asian</race>
<race_conf>0.728375</race_conf>
<loyalty>high</loyalty>
<loyalty_conf>0.866666666667</loyalty_conf>
</face>
</result>
