<?xml version="1.0" encoding="UTF-8"?>
<result>
<face>
<position>0.507812 0.279687 0.043229 0.080469</position>
<age>30-35</age>
<age_conf>0.840708</age_conf>
<gender>female</gender>
<gender_conf>0.999962</gender_conf>
<race>Hispanic</race>
<race_conf>0.514664</race_conf>
<loyalty>high</loyalty>
<loyalty_conf>0.5</loyalty_conf>
</face>
<face>
<position>0.412500 0.261719 0.041146 0.078125</position>
<age>25-30</age>
<age_conf>0.970948</age_conf>
<gender>female</gender>
<gender_conf>0.995279</gender_conf>
<race>African</race>
<race_conf>0.952622</race_conf>
<loyalty>high</loyalty>
<loyalty_conf>0.5</loyalty_conf>
</face>
<face>
<position>0.326042 0.329688 0.031771 0.063281</position>
<age>35-40</age>
<age_conf>0.85546</age_conf>
<gender>female</gender>
<gender_conf>1.0</gender_conf>
<race>African</race>
<race_conf>0.560055</race_conf>
<loyalty>high</loyalty>
<loyalty_conf>0.866666666667</loyalty_conf>
</face>
</result>
