<?xml version="1.0" encoding="UTF-8"?>
<result>
<face>
<position>0.698438 0.267969 0.034896 0.066406</position>
<age>20-25</age>
<age_conf>0.928585</age_conf>
<gender>female</gender>
<gender_conf>0.963258</gender_conf>
<race>Caucasian</race>
<race_conf>0.999996</race_conf>
<loyalty>high</loyalty>
<loyalty_conf>0.833333333333</loyalty_conf>
</face>
<face>
<position>0.315625 0.275000 0.036979 0.066406</position>
<age>45-50</age>
<age_conf>0.505329</age_conf>
<gender>female</gender>
<gender_conf>0.998601</gender_conf>
<race>Asian</race>
<race_conf>0.462931</race_conf>
<loyalty>high</loyalty>
<loyalty_conf>0.866666666667</loyalty_conf>
</face>
</result>
