<?xml version="1.0" encoding="UTF-8"?>
<result>
<face>
<position>0.190104 0.367969 0.042708 0.077344</position>
<age>0-20</age>
<age_conf>0.999947</age_conf>
<gender>male</gender>
<gender_conf>0.655592</gender_conf>
<race>Asian</race>
<race_conf>0.570062</race_conf>
<loyalty>high</loyalty>
<loyalty_conf>0.8</loyalty_conf>
</face>
<face>
<position>0.108333 0.335938 0.043750 0.089844</position>
<age>0-20</age>
<age_conf>0.977638</age_conf>
<gender>female</gender>
<gender_conf>0.999522</gender_conf>
<race>Hispanic</race>
<race_conf>0.560811</race_conf>
<loyalty>high</loyalty>
<loyalty_conf>0.766666666667</loyalty_conf>
</face>
<face>
<position>0.746354 0.374219 0.038021 0.078906</position>
<age>0-20</age>
<age_conf>0.999989</age_conf>
<gender>female</gender>
<gender_conf>0.907935</gender_conf>
<race>African</race>
<race_conf>0.384839</race_conf>
<loyalty>high</loyalty>
<loyalty_conf>0.733333333333</loyalty_conf>
</face>
<face>
<position>0.313542 0.379688 0.040625 0.085156</position>
<age>0-20</age>
<age_conf>0.807728</age_conf>
<gender>female</gender>
<gender_conf>1.0</gender_conf>
<race>Asian</race>
<race_conf>0.865376</race_conf>
<loyalty>high</loyalty>
<loyalty_conf>0.866666666667</loyalty_conf>
</face>
<face>
<position>0.398958 0.426563 0.036458 0.067969</position>
<age>0-20</age>
<age_conf>0.992318</age_conf>
<gender>female</gender>
<gender_conf>0.999959</gender_conf>
<race>African</race>
<race_conf>0.999761</race_conf>
<loyalty>high</loyalty>
<loyalty_conf>0.8</loyalty_conf>
</face>
<face>
<position>0.713021 0.268750 0.035937 0.076563</position>
<age>0-20</age>
<age_conf>0.573081</age_conf>
<gender>female</gender>
<gender_conf>0.999607</gender_conf>
<race>African</race>
<race_conf>0.804869</race_conf>
<loyalty>high</loyalty>
<loyalty_conf>0.8</loyalty_conf>
</face>
<face>
<position>0.475000 0.335938 0.041146 0.077344</position>
<age>>60</age>
<age_conf>0.371466</age_conf>
<gender>female</gender>
<gender_conf>0.9994</gender_conf>
<race>African</race>
<race_conf>0.963138</race_conf>
<loyalty>high</loyalty>
<loyalty_conf>0.733333333333</loyalty_conf>
</face>
<face>
<position>0.267188 0.340625 0.036979 0.078906</position>
<age>0-20</age>
<age_conf>0.996017</age_conf>
<gender>female</gender>
<gender_conf>0.999674</gender_conf>
<race>Hispanic</race>
<race_conf>0.761067</race_conf>
<loyalty>high</loyalty>
<loyalty_conf>0.666666666667</loyalty_conf>
</face>
<face>
<position>0.201563 0.312500 0.034896 0.067187</position>
<age>25-30</age>
<age_conf>0.762556</age_conf>
<gender>female</gender>
<gender_conf>0.998932</gender_conf>
<race>Caucasian</race>
<race_conf>0.910282</race_conf>
<loyalty>high</loyalty>
<loyalty_conf>0.8</loyalty_conf>
</face>
<face>
<position>0.495833 0.432031 0.044271 0.080469</position>
<age>0-20</age>
<age_conf>0.486741</age_conf>
<gender>female</gender>
<gender_conf>0.945798</gender_conf>
<race>Asian</race>
<race_conf>0.559982</race_conf>
<loyalty>high</loyalty>
<loyalty_conf>0.633333333333</loyalty_conf>
</face>
<face>
<position>0.810937 0.392969 0.047917 0.088281</position>
<age>0-20</age>
<age_conf>0.998911</age_conf>
<gender>male</gender>
<gender_conf>0.993647</gender_conf>
<race>African</race>
<race_conf>0.921101</race_conf>
<loyalty>high</loyalty>
<loyalty_conf>0.7</loyalty_conf>
</face>
<face>
<position>0.645312 0.337500 0.036979 0.072656</position>
<age>0-20</age>
<age_conf>0.994145</age_conf>
<gender>male</gender>
<gender_conf>0.884203</gender_conf>
<race>African</race>
<race_conf>0.977532</race_conf>
<loyalty>high</loyalty>
<loyalty_conf>0.766666666667</loyalty_conf>
</face>
</result>
