<?xml version="1.0" encoding="UTF-8"?>
<result>
<face>
<position>0.385937 0.181250 0.050000 0.104688</position>
<age>30-35</age>
<age_conf>0.904435</age_conf>
<gender>male</gender>
<gender_conf>0.986571</gender_conf>
<race>Caucasian</race>
<race_conf>0.994398</race_conf>
<loyalty>low</loyalty>
<loyalty_conf>0.966666666667</loyalty_conf>
</face>
<face>
<position>0.447917 0.289844 0.051042 0.092969</position>
<age>40-45</age>
<age_conf>0.548294</age_conf>
<gender>female</gender>
<gender_conf>0.948326</gender_conf>
<race>African</race>
<race_conf>0.988714</race_conf>
<loyalty>high</loyalty>
<loyalty_conf>0.766666666667</loyalty_conf>
</face>
</result>
