<?xml version="1.0" encoding="UTF-8"?>
<result>
<face>
<position>0.446354 0.280469 0.029687 0.059375</position>
<age>0-20</age>
<age_conf>0.988473</age_conf>
<gender>female</gender>
<gender_conf>0.999821</gender_conf>
<race>Hispanic</race>
<race_conf>0.758293</race_conf>
<loyalty>high</loyalty>
<loyalty_conf>0.833333333333</loyalty_conf>
</face>
<face>
<position>0.373437 0.308594 0.040625 0.073438</position>
<age>35-40</age>
<age_conf>0.468013</age_conf>
<gender>female</gender>
<gender_conf>0.999927</gender_conf>
<race>African</race>
<race_conf>0.459813</race_conf>
<loyalty>high</loyalty>
<loyalty_conf>0.866666666667</loyalty_conf>
</face>
</result>
