<?xml version="1.0" encoding="UTF-8"?>
<result>
<face>
<position>0.279687 0.264844 0.032292 0.067187</position>
<age>40-45</age>
<age_conf>0.53992</age_conf>
<gender>female</gender>
<gender_conf>0.999985</gender_conf>
<race>Hispanic</race>
<race_conf>0.876107</race_conf>
<loyalty>high</loyalty>
<loyalty_conf>0.566666666667</loyalty_conf>
</face>
<face>
<position>0.354687 0.309375 0.036979 0.068750</position>
<age>45-50</age>
<age_conf>0.721422</age_conf>
<gender>female</gender>
<gender_conf>0.9987</gender_conf>
<race>Caucasian</race>
<race_conf>0.998479</race_conf>
<loyalty>high</loyalty>
<loyalty_conf>0.833333333333</loyalty_conf>
</face>
</result>
