<?xml version="1.0" encoding="UTF-8"?>
<result>
<face>
<position>0.346354 0.207031 0.038021 0.073438</position>
<age>30-35</age>
<age_conf>0.381621</age_conf>
<gender>female</gender>
<gender_conf>0.999996</gender_conf>
<race>African</race>
<race_conf>0.883371</race_conf>
<loyalty>high</loyalty>
<loyalty_conf>0.566666666667</loyalty_conf>
</face>
<face>
<position>0.277604 0.175000 0.034375 0.067969</position>
<age>30-35</age>
<age_conf>0.990884</age_conf>
<gender>male</gender>
<gender_conf>0.996651</gender_conf>
<race>Hispanic</race>
<race_conf>0.589014</race_conf>
<loyalty>low</loyalty>
<loyalty_conf>0.766666666667</loyalty_conf>
</face>
</result>
