<?xml version="1.0" encoding="UTF-8"?>
<result>
<face>
<position>0.291146 0.257812 0.032292 0.060156</position>
<age>25-30</age>
<age_conf>0.81077</age_conf>
<gender>female</gender>
<gender_conf>1.0</gender_conf>
<race>Caucasian</race>
<race_conf>0.785326</race_conf>
<loyalty>high</loyalty>
<loyalty_conf>0.266666666667</loyalty_conf>
</face>
<face>
<position>0.376042 0.253125 0.031250 0.053125</position>
<age>20-25</age>
<age_conf>0.527227</age_conf>
<gender>female</gender>
<gender_conf>0.997517</gender_conf>
<race>Caucasian</race>
<race_conf>0.870389</race_conf>
<loyalty>high</loyalty>
<loyalty_conf>0.866666666667</loyalty_conf>
</face>
</result>
