<?xml version="1.0" encoding="UTF-8"?>
<result>
<face>
<position>0.430208 0.263281 0.042188 0.084375</position>
<age>45-50</age>
<age_conf>0.562723</age_conf>
<gender>female</gender>
<gender_conf>0.999801</gender_conf>
<race>African</race>
<race_conf>0.982246</race_conf>
<loyalty>high</loyalty>
<loyalty_conf>0.8</loyalty_conf>
</face>
<face>
<position>0.506250 0.369531 0.033333 0.066406</position>
<age>0-20</age>
<age_conf>0.666665</age_conf>
<gender>female</gender>
<gender_conf>0.999046</gender_conf>
<race>Hispanic</race>
<race_conf>0.365324</race_conf>
<loyalty>high</loyalty>
<loyalty_conf>0.833333333333</loyalty_conf>
</face>
<face>
<position>0.356771 0.232813 0.040625 0.074219</position>
<age>45-50</age>
<age_conf>0.864579</age_conf>
<gender>male</gender>
<gender_conf>0.998362</gender_conf>
<race>African</race>
<race_conf>0.832108</race_conf>
<loyalty>high</loyalty>
<loyalty_conf>0.866666666667</loyalty_conf>
</face>
</result>
