<?xml version="1.0" encoding="UTF-8"?>
<result>
<face>
<position>0.414062 0.333594 0.036458 0.075781</position>
<age>25-30</age>
<age_conf>0.936528</age_conf>
<gender>female</gender>
<gender_conf>1.0</gender_conf>
<race>Hispanic</race>
<race_conf>0.983843</race_conf>
<loyalty>high</loyalty>
<loyalty_conf>0.766666666667</loyalty_conf>
</face>
<face>
<position>0.345313 0.328125 0.046875 0.092969</position>
<age>35-40</age>
<age_conf>0.768732</age_conf>
<gender>female</gender>
<gender_conf>0.950545</gender_conf>
<race>African</race>
<race_conf>0.996953</race_conf>
<loyalty>middle</loyalty>
<loyalty_conf>0.25</loyalty_conf>
</face>
<face>
<position>0.178125 0.364844 0.041146 0.082812</position>
<age>20-25</age>
<age_conf>0.898557</age_conf>
<gender>female</gender>
<gender_conf>1.0</gender_conf>
<race>Hispanic</race>
<race_conf>0.836496</race_conf>
<loyalty>high</loyalty>
<loyalty_conf>0.833333333333</loyalty_conf>
</face>
<face>
<position>0.250521 0.355469 0.036979 0.077344</position>
<age>0-20</age>
<age_conf>0.95739</age_conf>
<gender>female</gender>
<gender_conf>0.958609</gender_conf>
<race>Caucasian</race>
<race_conf>0.908756</race_conf>
<loyalty>high</loyalty>
<loyalty_conf>0.233333333333</loyalty_conf>
</face>
<face>
<position>0.256250 0.329688 0.075521 0.148438</position>
<age>45-50</age>
<age_conf>0.455553</age_conf>
<gender>male</gender>
<gender_conf>0.997646</gender_conf>
<race>African</race>
<race_conf>0.997588</race_conf>
<loyalty>high</loyalty>
<loyalty_conf>0.9</loyalty_conf>
</face>
</result>
