<?xml version="1.0" encoding="UTF-8"?>
<result>
<face>
<position>0.303125 0.191406 0.041667 0.087500</position>
<age>20-25</age>
<age_conf>0.993171</age_conf>
<gender>male</gender>
<gender_conf>0.999989</gender_conf>
<race>Caucasian</race>
<race_conf>0.87697</race_conf>
<loyalty>high</loyalty>
<loyalty_conf>0.5</loyalty_conf>
</face>
<face>
<position>0.465104 0.345313 0.041146 0.082031</position>
<age>35-40</age>
<age_conf>0.768677</age_conf>
<gender>female</gender>
<gender_conf>0.999845</gender_conf>
<race>African</race>
<race_conf>0.878828</race_conf>
<loyalty>low</loyalty>
<loyalty_conf>0.9</loyalty_conf>
</face>
<face>
<position>0.683333 0.278906 0.047917 0.084375</position>
<age>35-40</age>
<age_conf>0.772387</age_conf>
<gender>female</gender>
<gender_conf>0.999987</gender_conf>
<race>Caucasian</race>
<race_conf>0.999918</race_conf>
<loyalty>high</loyalty>
<loyalty_conf>0.8</loyalty_conf>
</face>
<face>
<position>0.240625 0.336719 0.046354 0.092188</position>
<age>35-40</age>
<age_conf>0.891313</age_conf>
<gender>female</gender>
<gender_conf>0.999989</gender_conf>
<race>Caucasian</race>
<race_conf>0.963632</race_conf>
<loyalty>low</loyalty>
<loyalty_conf>0.933333333333</loyalty_conf>
</face>
<face>
<position>0.566667 0.340625 0.046875 0.096875</position>
<age>40-45</age>
<age_conf>0.654733</age_conf>
<gender>female</gender>
<gender_conf>1.0</gender_conf>
<race>African</race>
<race_conf>0.999766</race_conf>
<loyalty>low</loyalty>
<loyalty_conf>0.8</loyalty_conf>
</face>
<face>
<position>0.365104 0.263281 0.048958 0.095312</position>
<age>40-45</age>
<age_conf>0.925714</age_conf>
<gender>female</gender>
<gender_conf>1.0</gender_conf>
<race>African</race>
<race_conf>0.808202</race_conf>
<loyalty>high</loyalty>
<loyalty_conf>0.633333333333</loyalty_conf>
</face>
</result>
