<?xml version="1.0" encoding="UTF-8"?>
<result>
<face>
<position>0.414062 0.231250 0.036979 0.078125</position>
<age>0-20</age>
<age_conf>0.991688</age_conf>
<gender>male</gender>
<gender_conf>0.999686</gender_conf>
<race>Hispanic</race>
<race_conf>0.95559</race_conf>
<loyalty>high</loyalty>
<loyalty_conf>0.766666666667</loyalty_conf>
</face>
<face>
<position>0.305208 0.312500 0.040625 0.082812</position>
<age>35-40</age>
<age_conf>0.468005</age_conf>
<gender>female</gender>
<gender_conf>0.999992</gender_conf>
<race>Caucasian</race>
<race_conf>0.974207</race_conf>
<loyalty>high</loyalty>
<loyalty_conf>0.8</loyalty_conf>
</face>
</result>
