<?xml version="1.0" encoding="UTF-8"?>
<result>
<face>
<position>0.437500 0.282813 0.036458 0.078906</position>
<age>35-40</age>
<age_conf>0.714548</age_conf>
<gender>female</gender>
<gender_conf>0.999441</gender_conf>
<race>Caucasian</race>
<race_conf>0.914221</race_conf>
<loyalty>high</loyalty>
<loyalty_conf>0.633333333333</loyalty_conf>
</face>
<face>
<position>0.354167 0.287500 0.042188 0.078906</position>
<age>20-25</age>
<age_conf>0.961404</age_conf>
<gender>female</gender>
<gender_conf>0.999559</gender_conf>
<race>Caucasian</race>
<race_conf>0.586475</race_conf>
<loyalty>high</loyalty>
<loyalty_conf>0.8</loyalty_conf>
</face>
</result>
