<?xml version="1.0" encoding="UTF-8"?>
<result>
<face>
<position>0.377083 0.359375 0.065625 0.141406</position>
<age>0-20</age>
<age_conf>0.998398</age_conf>
<gender>female</gender>
<gender_conf>0.999962</gender_conf>
<race>Caucasian</race>
<race_conf>0.974563</race_conf>
<loyalty>middle</loyalty>
<loyalty_conf>0.5</loyalty_conf>
</face>
<face>
<position>0.502083 0.346094 0.070833 0.136719</position>
<age>20-25</age>
<age_conf>0.937067</age_conf>
<gender>female</gender>
<gender_conf>0.999928</gender_conf>
<race>Caucasian</race>
<race_conf>0.999547</race_conf>
<loyalty>low</loyalty>
<loyalty_conf>0.833333333333</loyalty_conf>
</face>
</result>
