<?xml version="1.0" encoding="UTF-8"?>
<result>
<face>
<position>0.336458 0.243750 0.047396 0.086719</position>
<age>20-25</age>
<age_conf>0.716454</age_conf>
<gender>male</gender>
<gender_conf>0.999996</gender_conf>
<race>Caucasian</race>
<race_conf>0.998599</race_conf>
<loyalty>low</loyalty>
<loyalty_conf>0.266666666667</loyalty_conf>
</face>
<face>
<position>0.398438 0.259375 0.036458 0.075000</position>
<age>30-35</age>
<age_conf>0.751349</age_conf>
<gender>female</gender>
<gender_conf>0.999973</gender_conf>
<race>Hispanic</race>
<race_conf>0.692405</race_conf>
<loyalty>high</loyalty>
<loyalty_conf>0.733333333333</loyalty_conf>
</face>
</result>
