<?xml version="1.0" encoding="UTF-8"?>
<result>
<face>
<position>0.371354 0.366406 0.038021 0.075000</position>
<age>25-30</age>
<age_conf>0.709376</age_conf>
<gender>female</gender>
<gender_conf>0.999873</gender_conf>
<race>Asian</race>
<race_conf>0.795555</race_conf>
<loyalty>high</loyalty>
<loyalty_conf>0.3</loyalty_conf>
</face>
<face>
<position>0.441667 0.278906 0.041146 0.078125</position>
<age>0-20</age>
<age_conf>0.999827</age_conf>
<gender>female</gender>
<gender_conf>0.953437</gender_conf>
<race>African</race>
<race_conf>0.999907</race_conf>
<loyalty>low</loyalty>
<loyalty_conf>0.966666666667</loyalty_conf>
</face>
<face>
<position>0.328646 0.270313 0.044792 0.078906</position>
<age>30-35</age>
<age_conf>0.507652</age_conf>
<gender>female</gender>
<gender_conf>0.97622</gender_conf>
<race>Caucasian</race>
<race_conf>0.873918</race_conf>
<loyalty>high</loyalty>
<loyalty_conf>0.866666666667</loyalty_conf>
</face>
</result>
