<?xml version="1.0" encoding="UTF-8"?>
<result>
<face>
<position>0.453125 0.304688 0.039583 0.085938</position>
<age>20-25</age>
<age_conf>0.61657</age_conf>
<gender>female</gender>
<gender_conf>0.999999</gender_conf>
<race>Caucasian</race>
<race_conf>0.970234</race_conf>
<loyalty>high</loyalty>
<loyalty_conf>0.9</loyalty_conf>
</face>
<face>
<position>0.526042 0.264062 0.060937 0.119531</position>
<age>35-40</age>
<age_conf>0.615839</age_conf>
<gender>female</gender>
<gender_conf>0.572553</gender_conf>
<race>African</race>
<race_conf>0.999898</race_conf>
<loyalty>high</loyalty>
<loyalty_conf>0.8</loyalty_conf>
</face>
</result>
