<?xml version="1.0" encoding="UTF-8"?>
<result>
<face>
<position>0.574479 0.189062 0.049479 0.098437</position>
<age>0-20</age>
<age_conf>0.99988</age_conf>
<gender>female</gender>
<gender_conf>0.999969</gender_conf>
<race>Caucasian</race>
<race_conf>0.833632</race_conf>
<loyalty>high</loyalty>
<loyalty_conf>0.8</loyalty_conf>
</face>
<face>
<position>0.425521 0.381250 0.048438 0.096094</position>
<age>25-30</age>
<age_conf>0.726144</age_conf>
<gender>female</gender>
<gender_conf>0.999998</gender_conf>
<race>Caucasian</race>
<race_conf>0.647493</race_conf>
<loyalty>high</loyalty>
<loyalty_conf>0.833333333333</loyalty_conf>
</face>
<face>
<position>0.436458 0.226562 0.045833 0.091406</position>
<age>0-20</age>
<age_conf>0.823977</age_conf>
<gender>female</gender>
<gender_conf>0.994364</gender_conf>
<race>Caucasian</race>
<race_conf>0.999807</race_conf>
<loyalty>high</loyalty>
<loyalty_conf>0.7</loyalty_conf>
</face>
</result>
