<?xml version="1.0" encoding="UTF-8"?>
<result>
<face>
<position>0.314063 0.265625 0.046354 0.092969</position>
<age>35-40</age>
<age_conf>0.865811</age_conf>
<gender>female</gender>
<gender_conf>0.999968</gender_conf>
<race>African</race>
<race_conf>0.999862</race_conf>
<loyalty>high</loyalty>
<loyalty_conf>0.733333333333</loyalty_conf>
</face>
<face>
<position>0.379167 0.300000 0.044792 0.086719</position>
<age>0-20</age>
<age_conf>0.985817</age_conf>
<gender>female</gender>
<gender_conf>0.99795</gender_conf>
<race>African</race>
<race_conf>0.998213</race_conf>
<loyalty>high</loyalty>
<loyalty_conf>0.666666666667</loyalty_conf>
</face>
</result>
