<?xml version="1.0" encoding="UTF-8"?>
<result>
<face>
<position>0.296354 0.229687 0.036979 0.073438</position>
<age>0-20</age>
<age_conf>0.999979</age_conf>
<gender>female</gender>
<gender_conf>0.99989</gender_conf>
<race>Caucasian</race>
<race_conf>0.999319</race_conf>
<loyalty>high</loyalty>
<loyalty_conf>0.833333333333</loyalty_conf>
</face>
<face>
<position>0.445312 0.266406 0.042708 0.083594</position>
<age>40-45</age>
<age_conf>0.818635</age_conf>
<gender>female</gender>
<gender_conf>0.999994</gender_conf>
<race>Caucasian</race>
<race_conf>0.98405</race_conf>
<loyalty>high</loyalty>
<loyalty_conf>0.9</loyalty_conf>
</face>
<face>
<position>0.368229 0.342187 0.042708 0.082031</position>
<age>0-20</age>
<age_conf>0.990934</age_conf>
<gender>female</gender>
<gender_conf>0.510141</gender_conf>
<race>African</race>
<race_conf>0.804244</race_conf>
<loyalty>high</loyalty>
<loyalty_conf>0.766666666667</loyalty_conf>
</face>
</result>
