<?xml version="1.0" encoding="UTF-8"?>
<result>
<face>
<position>0.581250 0.264062 0.046875 0.096094</position>
<age>0-20</age>
<age_conf>0.675312</age_conf>
<gender>female</gender>
<gender_conf>0.998948</gender_conf>
<race>African</race>
<race_conf>0.996688</race_conf>
<loyalty>high</loyalty>
<loyalty_conf>0.8</loyalty_conf>
</face>
<face>
<position>0.278646 0.242969 0.032292 0.059375</position>
<age>20-25</age>
<age_conf>0.774198</age_conf>
<gender>female</gender>
<gender_conf>0.999976</gender_conf>
<race>Caucasian</race>
<race_conf>0.996661</race_conf>
<loyalty>low</loyalty>
<loyalty_conf>0.666666666667</loyalty_conf>
</face>
<face>
<position>0.450000 0.199219 0.034896 0.066406</position>
<age>40-45</age>
<age_conf>0.851749</age_conf>
<gender>male</gender>
<gender_conf>0.99996</gender_conf>
<race>Caucasian</race>
<race_conf>0.781606</race_conf>
<loyalty>high</loyalty>
<loyalty_conf>0.2</loyalty_conf>
</face>
<face>
<position>0.502604 0.260937 0.039062 0.078125</position>
<age>30-35</age>
<age_conf>0.872488</age_conf>
<gender>female</gender>
<gender_conf>0.999888</gender_conf>
<race>Caucasian</race>
<race_conf>0.962362</race_conf>
<loyalty>high</loyalty>
<loyalty_conf>0.566666666667</loyalty_conf>
</face>
<face>
<position>0.394792 0.264062 0.033854 0.062500</position>
<age>0-20</age>
<age_conf>0.997785</age_conf>
<gender>female</gender>
<gender_conf>1.0</gender_conf>
<race>Hispanic</race>
<race_conf>0.957777</race_conf>
<loyalty>high</loyalty>
<loyalty_conf>0.5</loyalty_conf>
</face>
<face>
<position>0.368750 0.253906 0.040625 0.077344</position>
<age>20-25</age>
<age_conf>0.360051</age_conf>
<gender>female</gender>
<gender_conf>0.995697</gender_conf>
<race>Caucasian</race>
<race_conf>0.980215</race_conf>
<loyalty>high</loyalty>
<loyalty_conf>0.833333333333</loyalty_conf>
</face>
</result>
