<?xml version="1.0" encoding="UTF-8"?>
<result>
<face>
<position>0.311458 0.174219 0.034896 0.068750</position>
<age>30-35</age>
<age_conf>0.886913</age_conf>
<gender>male</gender>
<gender_conf>0.621444</gender_conf>
<race>Caucasian</race>
<race_conf>0.945097</race_conf>
<loyalty>low</loyalty>
<loyalty_conf>0.933333333333</loyalty_conf>
</face>
<face>
<position>0.380208 0.207813 0.035417 0.075781</position>
<age>35-40</age>
<age_conf>0.473832</age_conf>
<gender>female</gender>
<gender_conf>0.999999</gender_conf>
<race>African</race>
<race_conf>0.794432</race_conf>
<loyalty>high</loyalty>
<loyalty_conf>0.8</loyalty_conf>
</face>
<face>
<position>0.593750 0.360938 0.044792 0.074219</position>
<age>35-40</age>
<age_conf>0.82252</age_conf>
<gender>female</gender>
<gender_conf>0.999918</gender_conf>
<race>African</race>
<race_conf>0.912683</race_conf>
<loyalty>high</loyalty>
<loyalty_conf>0.866666666667</loyalty_conf>
</face>
</result>
