<?xml version="1.0" encoding="UTF-8"?>
<result>
<face>
<position>0.396875 0.362500 0.038021 0.072656</position>
<age>35-40</age>
<age_conf>0.826919</age_conf>
<gender>female</gender>
<gender_conf>0.999997</gender_conf>
<race>Asian</race>
<race_conf>0.91431</race_conf>
<loyalty>high</loyalty>
<loyalty_conf>0.733333333333</loyalty_conf>
</face>
<face>
<position>0.334896 0.280469 0.035417 0.057813</position>
<age>35-40</age>
<age_conf>0.796398</age_conf>
<gender>female</gender>
<gender_conf>0.996359</gender_conf>
<race>Caucasian</race>
<race_conf>0.992109</race_conf>
<loyalty>high</loyalty>
<loyalty_conf>0.933333333333</loyalty_conf>
</face>
</result>
