<?xml version="1.0" encoding="UTF-8"?>
<result>
<face>
<position>0.428646 0.508594 0.042188 0.071875</position>
<age>0-20</age>
<age_conf>0.976205</age_conf>
<gender>female</gender>
<gender_conf>0.998734</gender_conf>
<race>Caucasian</race>
<race_conf>0.840741</race_conf>
<loyalty>high</loyalty>
<loyalty_conf>0.533333333333</loyalty_conf>
</face>
<face>
<position>0.328646 0.298438 0.040104 0.070312</position>
<age>20-25</age>
<age_conf>0.417082</age_conf>
<gender>female</gender>
<gender_conf>0.770624</gender_conf>
<race>Asian</race>
<race_conf>0.462985</race_conf>
<loyalty>high</loyalty>
<loyalty_conf>0.866666666667</loyalty_conf>
</face>
</result>
