<?xml version="1.0" encoding="UTF-8"?>
<result>
<face>
<position>0.432292 0.214062 0.042708 0.088281</position>
<age>45-50</age>
<age_conf>0.658322</age_conf>
<gender>female</gender>
<gender_conf>0.999994</gender_conf>
<race>Caucasian</race>
<race_conf>0.987049</race_conf>
<loyalty>low</loyalty>
<loyalty_conf>0.966666666667</loyalty_conf>
</face>
<face>
<position>0.360938 0.197656 0.033854 0.060937</position>
<age>0-20</age>
<age_conf>0.994602</age_conf>
<gender>male</gender>
<gender_conf>0.898556</gender_conf>
<race>Caucasian</race>
<race_conf>0.746844</race_conf>
<loyalty>high</loyalty>
<loyalty_conf>0.9</loyalty_conf>
</face>
</result>
