<?xml version="1.0" encoding="UTF-8"?>
<result>
<face>
<position>0.451042 0.257031 0.048438 0.098437</position>
<age>45-50</age>
<age_conf>0.748325</age_conf>
<gender>female</gender>
<gender_conf>0.99556</gender_conf>
<race>Caucasian</race>
<race_conf>0.575038</race_conf>
<loyalty>high</loyalty>
<loyalty_conf>0.4</loyalty_conf>
</face>
<face>
<position>0.383854 0.336719 0.044792 0.084375</position>
<age>30-35</age>
<age_conf>0.614542</age_conf>
<gender>female</gender>
<gender_conf>0.999794</gender_conf>
<race>Hispanic</race>
<race_conf>0.685717</race_conf>
<loyalty>middle</loyalty>
<loyalty_conf>0.25</loyalty_conf>
</face>
<face>
<position>0.335417 0.280469 0.035417 0.058594</position>
<age>35-40</age>
<age_conf>0.77372</age_conf>
<gender>female</gender>
<gender_conf>0.996782</gender_conf>
<race>Caucasian</race>
<race_conf>0.866536</race_conf>
<loyalty>high</loyalty>
<loyalty_conf>0.966666666667</loyalty_conf>
</face>
</result>
