<?xml version="1.0" encoding="UTF-8"?>
<result>
<face>
<position>0.446354 0.396875 0.039583 0.076563</position>
<age>30-35</age>
<age_conf>0.905177</age_conf>
<gender>female</gender>
<gender_conf>0.999937</gender_conf>
<race>Caucasian</race>
<race_conf>0.999997</race_conf>
<loyalty>low</loyalty>
<loyalty_conf>0.966666666667</loyalty_conf>
</face>
<face>
<position>0.366667 0.283594 0.048958 0.073438</position>
<age>35-40</age>
<age_conf>0.537746</age_conf>
<gender>female</gender>
<gender_conf>0.998619</gender_conf>
<race>Caucasian</race>
<race_conf>0.956867</race_conf>
<loyalty>high</loyalty>
<loyalty_conf>0.966666666667</loyalty_conf>
</face>
</result>
