<?xml version="1.0" encoding="UTF-8"?>
<result>
<face>
<position>0.180208 0.276562 0.033854 0.061719</position>
<age>25-30</age>
<age_conf>0.532137</age_conf>
<gender>female</gender>
<gender_conf>1.0</gender_conf>
<race>Caucasian</race>
<race_conf>0.563656</race_conf>
<loyalty>high</loyalty>
<loyalty_conf>0.566666666667</loyalty_conf>
</face>
<face>
<position>0.543750 0.298438 0.044271 0.089063</position>
<age>45-50</age>
<age_conf>0.615142</age_conf>
<gender>female</gender>
<gender_conf>0.874405</gender_conf>
<race>Caucasian</race>
<race_conf>0.999642</race_conf>
<loyalty>high</loyalty>
<loyalty_conf>0.733333333333</loyalty_conf>
</face>
<face>
<position>0.408854 0.376563 0.044271 0.086719</position>
<age>20-25</age>
<age_conf>0.813506</age_conf>
<gender>female</gender>
<gender_conf>0.972253</gender_conf>
<race>Caucasian</race>
<race_conf>0.985199</race_conf>
<loyalty>high</loyalty>
<loyalty_conf>0.766666666667</loyalty_conf>
</face>
<face>
<position>0.277083 0.302344 0.035417 0.071094</position>
<age>25-30</age>
<age_conf>0.475567</age_conf>
<gender>female</gender>
<gender_conf>0.999825</gender_conf>
<race>Caucasian</race>
<race_conf>0.998508</race_conf>
<loyalty>high</loyalty>
<loyalty_conf>0.9</loyalty_conf>
</face>
<face>
<position>0.335938 0.257031 0.044792 0.082031</position>
<age>40-45</age>
<age_conf>0.758492</age_conf>
<gender>male</gender>
<gender_conf>0.992443</gender_conf>
<race>Caucasian</race>
<race_conf>0.572257</race_conf>
<loyalty>high</loyalty>
<loyalty_conf>0.9</loyalty_conf>
</face>
</result>
