<?xml version="1.0" encoding="UTF-8"?>
<result>
<face>
<position>0.463542 0.284375 0.044271 0.093750</position>
<age>35-40</age>
<age_conf>0.669493</age_conf>
<gender>female</gender>
<gender_conf>1.0</gender_conf>
<race>Caucasian</race>
<race_conf>0.623085</race_conf>
<loyalty>high</loyalty>
<loyalty_conf>0.8</loyalty_conf>
</face>
<face>
<position>0.386458 0.401562 0.043229 0.088281</position>
<age>20-25</age>
<age_conf>0.635084</age_conf>
<gender>female</gender>
<gender_conf>0.999497</gender_conf>
<race>African</race>
<race_conf>0.914889</race_conf>
<loyalty>high</loyalty>
<loyalty_conf>0.766666666667</loyalty_conf>
</face>
<face>
<position>0.365625 0.237500 0.039583 0.070312</position>
<age>40-45</age>
<age_conf>0.489649</age_conf>
<gender>male</gender>
<gender_conf>0.677987</gender_conf>
<race>Caucasian</race>
<race_conf>0.98436</race_conf>
<loyalty>high</loyalty>
<loyalty_conf>0.866666666667</loyalty_conf>
</face>
</result>
