<?xml version="1.0" encoding="UTF-8"?>
<result>
<face>
<position>0.467708 0.317188 0.041146 0.089063</position>
<age>0-20</age>
<age_conf>0.999787</age_conf>
<gender>female</gender>
<gender_conf>0.999967</gender_conf>
<race>Caucasian</race>
<race_conf>0.970117</race_conf>
<loyalty>high</loyalty>
<loyalty_conf>0.0666666666667</loyalty_conf>
</face>
<face>
<position>0.340625 0.183594 0.041146 0.075000</position>
<age>50-55</age>
<age_conf>0.239297</age_conf>
<gender>female</gender>
<gender_conf>0.60079</gender_conf>
<race>Caucasian</race>
<race_conf>0.865201</race_conf>
<loyalty>high</loyalty>
<loyalty_conf>0.866666666667</loyalty_conf>
</face>
</result>
