<?xml version="1.0" encoding="UTF-8"?>
<result>
<face>
<position>0.525000 0.421875 0.045312 0.078906</position>
<age>30-35</age>
<age_conf>0.967566</age_conf>
<gender>female</gender>
<gender_conf>0.999935</gender_conf>
<race>Caucasian</race>
<race_conf>0.999794</race_conf>
<loyalty>middle</loyalty>
<loyalty_conf>0.9</loyalty_conf>
</face>
<face>
<position>0.429688 0.339062 0.051562 0.108594</position>
<age>20-25</age>
<age_conf>0.810557</age_conf>
<gender>female</gender>
<gender_conf>0.999975</gender_conf>
<race>Caucasian</race>
<race_conf>0.999752</race_conf>
<loyalty>high</loyalty>
<loyalty_conf>0.633333333333</loyalty_conf>
</face>
<face>
<position>0.341146 0.301563 0.039583 0.072656</position>
<age>35-40</age>
<age_conf>0.399988</age_conf>
<gender>female</gender>
<gender_conf>0.99997</gender_conf>
<race>Caucasian</race>
<race_conf>0.998072</race_conf>
<loyalty>high</loyalty>
<loyalty_conf>0.9</loyalty_conf>
</face>
</result>
