<?xml version="1.0" encoding="UTF-8"?>
<result>
<face>
<position>0.553125 0.373437 0.040625 0.082031</position>
<age>0-20</age>
<age_conf>0.999994</age_conf>
<gender>female</gender>
<gender_conf>0.999561</gender_conf>
<race>Caucasian</race>
<race_conf>0.973174</race_conf>
<loyalty>high</loyalty>
<loyalty_conf>0.7</loyalty_conf>
</face>
<face>
<position>0.460417 0.344531 0.051562 0.102344</position>
<age>0-20</age>
<age_conf>0.430259</age_conf>
<gender>female</gender>
<gender_conf>0.99996</gender_conf>
<race>Asian</race>
<race_conf>0.724943</race_conf>
<loyalty>high</loyalty>
<loyalty_conf>0.733333333333</loyalty_conf>
</face>
<face>
<position>0.362500 0.460156 0.053125 0.099219</position>
<age>20-25</age>
<age_conf>0.826571</age_conf>
<gender>female</gender>
<gender_conf>0.999999</gender_conf>
<race>African</race>
<race_conf>0.542689</race_conf>
<loyalty>high</loyalty>
<loyalty_conf>0.7</loyalty_conf>
</face>
</result>
