<?xml version="1.0" encoding="UTF-8"?>
<result>
<face>
<position>0.409896 0.257031 0.042708 0.083594</position>
<age>30-35</age>
<age_conf>0.533888</age_conf>
<gender>female</gender>
<gender_conf>0.99987</gender_conf>
<race>Hispanic</race>
<race_conf>0.54016</race_conf>
<loyalty>high</loyalty>
<loyalty_conf>0.5</loyalty_conf>
</face>
<face>
<position>0.341146 0.192188 0.038542 0.075000</position>
<age>45-50</age>
<age_conf>0.68084</age_conf>
<gender>male</gender>
<gender_conf>0.999999</gender_conf>
<race>Caucasian</race>
<race_conf>0.998109</race_conf>
<loyalty>high</loyalty>
<loyalty_conf>0.166666666667</loyalty_conf>
</face>
</result>
