<?xml version="1.0" encoding="UTF-8"?>
<result>
<face>
<position>0.526563 0.250000 0.048958 0.098437</position>
<age>20-25</age>
<age_conf>0.900974</age_conf>
<gender>female</gender>
<gender_conf>1.0</gender_conf>
<race>Asian</race>
<race_conf>0.790831</race_conf>
<loyalty>high</loyalty>
<loyalty_conf>0.7</loyalty_conf>
</face>
<face>
<position>0.421875 0.250000 0.052604 0.110156</position>
<age>30-35</age>
<age_conf>0.586756</age_conf>
<gender>female</gender>
<gender_conf>1.0</gender_conf>
<race>Caucasian</race>
<race_conf>0.999781</race_conf>
<loyalty>low</loyalty>
<loyalty_conf>0.866666666667</loyalty_conf>
</face>
<face>
<position>0.353125 0.250000 0.036979 0.075000</position>
<age>35-40</age>
<age_conf>0.563009</age_conf>
<gender>female</gender>
<gender_conf>0.999991</gender_conf>
<race>Asian</race>
<race_conf>0.540187</race_conf>
<loyalty>high</loyalty>
<loyalty_conf>0.966666666667</loyalty_conf>
</face>
</result>
