<?xml version="1.0" encoding="UTF-8"?>
<result>
<face>
<position>0.450521 0.307031 0.042188 0.085156</position>
<age>30-35</age>
<age_conf>0.685294</age_conf>
<gender>female</gender>
<gender_conf>0.99957</gender_conf>
<race>Caucasian</race>
<race_conf>0.919454</race_conf>
<loyalty>high</loyalty>
<loyalty_conf>0.633333333333</loyalty_conf>
</face>
<face>
<position>0.543229 0.218750 0.046875 0.096094</position>
<age>20-25</age>
<age_conf>0.545293</age_conf>
<gender>female</gender>
<gender_conf>0.997447</gender_conf>
<race>African</race>
<race_conf>0.790173</race_conf>
<loyalty>high</loyalty>
<loyalty_conf>0.0333333333333</loyalty_conf>
</face>
<face>
<position>0.370312 0.246875 0.044271 0.087500</position>
<age>40-45</age>
<age_conf>0.804674</age_conf>
<gender>female</gender>
<gender_conf>0.999141</gender_conf>
<race>Caucasian</race>
<race_conf>0.997052</race_conf>
<loyalty>high</loyalty>
<loyalty_conf>0.6</loyalty_conf>
</face>
</result>
