<?xml version="1.0" encoding="UTF-8"?>
<result>
<face>
<position>0.717187 0.225781 0.046354 0.096094</position>
<age>35-40</age>
<age_conf>0.822214</age_conf>
<gender>male</gender>
<gender_conf>0.999625</gender_conf>
<race>Hispanic</race>
<race_conf>0.500841</race_conf>
<loyalty>middle</loyalty>
<loyalty_conf>0.3</loyalty_conf>
</face>
<face>
<position>0.622917 0.417969 0.050521 0.095312</position>
<age>0-20</age>
<age_conf>0.999782</age_conf>
<gender>female</gender>
<gender_conf>0.9678</gender_conf>
<race>Caucasian</race>
<race_conf>0.755238</race_conf>
<loyalty>high</loyalty>
<loyalty_conf>0.666666666667</loyalty_conf>
</face>
</result>
