<?xml version="1.0" encoding="UTF-8"?>
<result>
<face>
<position>0.510938 0.270313 0.041146 0.082812</position>
<age>20-25</age>
<age_conf>0.741937</age_conf>
<gender>female</gender>
<gender_conf>0.986128</gender_conf>
<race>Caucasian</race>
<race_conf>0.999309</race_conf>
<loyalty>high</loyalty>
<loyalty_conf>0.766666666667</loyalty_conf>
</face>
<face>
<position>0.423438 0.312500 0.047396 0.098437</position>
<age>40-45</age>
<age_conf>0.717554</age_conf>
<gender>female</gender>
<gender_conf>0.999963</gender_conf>
<race>African</race>
<race_conf>0.75182</race_conf>
<loyalty>high</loyalty>
<loyalty_conf>0.7</loyalty_conf>
</face>
<face>
<position>0.549479 0.352344 0.044271 0.082812</position>
<age>0-20</age>
<age_conf>0.99371</age_conf>
<gender>male</gender>
<gender_conf>0.994376</gender_conf>
<race>Hispanic</race>
<race_conf>0.451601</race_conf>
<loyalty>high</loyalty>
<loyalty_conf>0.933333333333</loyalty_conf>
</face>
<face>
<position>0.375521 0.254688 0.039062 0.071094</position>
<age>0-20</age>
<age_conf>0.583385</age_conf>
<gender>female</gender>
<gender_conf>0.999257</gender_conf>
<race>Caucasian</race>
<race_conf>0.985517</race_conf>
<loyalty>high</loyalty>
<loyalty_conf>0.9</loyalty_conf>
</face>
</result>
