<?xml version="1.0" encoding="UTF-8"?>
<result>
<face>
<position>0.404167 0.217969 0.047917 0.089844</position>
<age>0-20</age>
<age_conf>0.988855</age_conf>
<gender>female</gender>
<gender_conf>0.996377</gender_conf>
<race>African</race>
<race_conf>0.942566</race_conf>
<loyalty>high</loyalty>
<loyalty_conf>0.366666666667</loyalty_conf>
</face>
<face>
<position>0.457292 0.245312 0.036458 0.071875</position>
<age>0-20</age>
<age_conf>0.998345</age_conf>
<gender>female</gender>
<gender_conf>0.998967</gender_conf>
<race>Caucasian</race>
<race_conf>0.602266</race_conf>
<loyalty>high</loyalty>
<loyalty_conf>0.8</loyalty_conf>
</face>
</result>
