<?xml version="1.0" encoding="UTF-8"?>
<result>
<face>
<position>0.679167 0.282031 0.039062 0.080469</position>
<age>0-20</age>
<age_conf>0.992037</age_conf>
<gender>female</gender>
<gender_conf>0.999603</gender_conf>
<race>Caucasian</race>
<race_conf>0.71929</race_conf>
<loyalty>high</loyalty>
<loyalty_conf>0.566666666667</loyalty_conf>
</face>
<face>
<position>0.318750 0.263281 0.042708 0.082031</position>
<age>35-40</age>
<age_conf>0.726357</age_conf>
<gender>female</gender>
<gender_conf>0.878992</gender_conf>
<race>Hispanic</race>
<race_conf>0.513448</race_conf>
<loyalty>high</loyalty>
<loyalty_conf>0.966666666667</loyalty_conf>
</face>
</result>
