<?xml version="1.0" encoding="UTF-8"?>
<result>
<face>
<position>0.432812 0.343750 0.046354 0.091406</position>
<age>0-20</age>
<age_conf>0.8279</age_conf>
<gender>female</gender>
<gender_conf>0.999978</gender_conf>
<race>Asian</race>
<race_conf>0.584938</race_conf>
<loyalty>high</loyalty>
<loyalty_conf>0.766666666667</loyalty_conf>
</face>
<face>
<position>0.348958 0.216406 0.034375 0.067187</position>
<age>0-20</age>
<age_conf>0.961993</age_conf>
<gender>female</gender>
<gender_conf>0.999914</gender_conf>
<race>Caucasian</race>
<race_conf>0.875293</race_conf>
<loyalty>high</loyalty>
<loyalty_conf>0.933333333333</loyalty_conf>
</face>
</result>
