<?xml version="1.0" encoding="UTF-8"?>
<result>
<face>
<position>0.455208 0.207813 0.039062 0.078125</position>
<age>0-20</age>
<age_conf>0.999962</age_conf>
<gender>female</gender>
<gender_conf>0.971016</gender_conf>
<race>Caucasian</race>
<race_conf>0.999248</race_conf>
<loyalty>high</loyalty>
<loyalty_conf>0.866666666667</loyalty_conf>
</face>
<face>
<position>0.509896 0.253906 0.038542 0.082812</position>
<age>20-25</age>
<age_conf>0.955308</age_conf>
<gender>male</gender>
<gender_conf>0.526449</gender_conf>
<race>Caucasian</race>
<race_conf>0.988548</race_conf>
<loyalty>high</loyalty>
<loyalty_conf>0.633333333333</loyalty_conf>
</face>
</result>
