<?xml version="1.0" encoding="UTF-8"?>
<result>
<face>
<position>0.459896 0.273438 0.046875 0.097656</position>
<age>30-35</age>
<age_conf>0.885896</age_conf>
<gender>female</gender>
<gender_conf>0.998226</gender_conf>
<race>Caucasian</race>
<race_conf>0.937103</race_conf>
<loyalty>high</loyalty>
<loyalty_conf>0.333333333333</loyalty_conf>
</face>
<face>
<position>0.375521 0.295312 0.041146 0.085938</position>
<age>35-40</age>
<age_conf>0.921886</age_conf>
<gender>female</gender>
<gender_conf>0.999995</gender_conf>
<race>Caucasian</race>
<race_conf>0.998932</race_conf>
<loyalty>middle</loyalty>
<loyalty_conf>0.3</loyalty_conf>
</face>
</result>
