<?xml version="1.0" encoding="UTF-8"?>
<result>
<face>
<position>0.482292 0.229687 0.032292 0.061719</position>
<age>25-30</age>
<age_conf>0.909935</age_conf>
<gender>female</gender>
<gender_conf>0.999633</gender_conf>
<race>Hispanic</race>
<race_conf>0.969049</race_conf>
<loyalty>low</loyalty>
<loyalty_conf>0.966666666667</loyalty_conf>
</face>
<face>
<position>0.394792 0.198437 0.043229 0.084375</position>
<age>40-45</age>
<age_conf>0.505707</age_conf>
<gender>female</gender>
<gender_conf>0.999804</gender_conf>
<race>Caucasian</race>
<race_conf>0.940467</race_conf>
<loyalty>high</loyalty>
<loyalty_conf>0.766666666667</loyalty_conf>
</face>
</result>
