<?xml version="1.0" encoding="UTF-8"?>
<result>
<face>
<position>0.365625 0.252344 0.045833 0.097656</position>
<age>35-40</age>
<age_conf>0.828385</age_conf>
<gender>female</gender>
<gender_conf>0.986433</gender_conf>
<race>Asian</race>
<race_conf>0.59365</race_conf>
<loyalty>high</loyalty>
<loyalty_conf>0.933333333333</loyalty_conf>
</face>
<face>
<position>0.446354 0.254688 0.041146 0.083594</position>
<age>35-40</age>
<age_conf>0.7851</age_conf>
<gender>female</gender>
<gender_conf>0.999983</gender_conf>
<race>Caucasian</race>
<race_conf>0.569556</race_conf>
<loyalty>high</loyalty>
<loyalty_conf>0.9</loyalty_conf>
</face>
</result>
