<?xml version="1.0" encoding="UTF-8"?>
<result>
<face>
<position>0.428646 0.360156 0.038542 0.075000</position>
<age>45-50</age>
<age_conf>0.545063</age_conf>
<gender>female</gender>
<gender_conf>0.967133</gender_conf>
<race>African</race>
<race_conf>0.996732</race_conf>
<loyalty>high</loyalty>
<loyalty_conf>0.766666666667</loyalty_conf>
</face>
<face>
<position>0.500000 0.336719 0.033854 0.060937</position>
<age>40-45</age>
<age_conf>0.661707</age_conf>
<gender>female</gender>
<gender_conf>0.657727</gender_conf>
<race>Caucasian</race>
<race_conf>0.999662</race_conf>
<loyalty>high</loyalty>
<loyalty_conf>0.566666666667</loyalty_conf>
</face>
</result>
