<?xml version="1.0" encoding="UTF-8"?>
<result>
<face>
<position>0.419271 0.221875 0.042188 0.082812</position>
<age>20-25</age>
<age_conf>0.669274</age_conf>
<gender>female</gender>
<gender_conf>0.961491</gender_conf>
<race>Hispanic</race>
<race_conf>0.795229</race_conf>
<loyalty>high</loyalty>
<loyalty_conf>0.633333333333</loyalty_conf>
</face>
<face>
<position>0.498437 0.245312 0.038542 0.068750</position>
<age>35-40</age>
<age_conf>0.655142</age_conf>
<gender>female</gender>
<gender_conf>1.0</gender_conf>
<race>African</race>
<race_conf>0.998249</race_conf>
<loyalty>middle</loyalty>
<loyalty_conf>0.25</loyalty_conf>
</face>
<face>
<position>0.330729 0.228125 0.044271 0.082031</position>
<age>40-45</age>
<age_conf>0.712248</age_conf>
<gender>male</gender>
<gender_conf>0.980121</gender_conf>
<race>Caucasian</race>
<race_conf>0.996838</race_conf>
<loyalty>high</loyalty>
<loyalty_conf>0.666666666667</loyalty_conf>
</face>
</result>
