<?xml version="1.0" encoding="UTF-8"?>
<result>
<face>
<position>0.417708 0.207813 0.040104 0.088281</position>
<age>35-40</age>
<age_conf>0.791293</age_conf>
<gender>female</gender>
<gender_conf>0.953768</gender_conf>
<race>Hispanic</race>
<race_conf>0.625262</race_conf>
<loyalty>high</loyalty>
<loyalty_conf>0.6</loyalty_conf>
</face>
<face>
<position>0.485417 0.228125 0.038542 0.079687</position>
<age>0-20</age>
<age_conf>1.0</age_conf>
<gender>female</gender>
<gender_conf>0.999781</gender_conf>
<race>Hispanic</race>
<race_conf>0.749374</race_conf>
<loyalty>middle</loyalty>
<loyalty_conf>0.25</loyalty_conf>
</face>
</result>
