<?xml version="1.0" encoding="UTF-8"?>
<result>
<face>
<position>0.573438 0.309375 0.047917 0.086719</position>
<age>0-20</age>
<age_conf>0.615584</age_conf>
<gender>female</gender>
<gender_conf>0.99999</gender_conf>
<race>African</race>
<race_conf>0.984223</race_conf>
<loyalty>high</loyalty>
<loyalty_conf>0.766666666667</loyalty_conf>
</face>
<face>
<position>0.367188 0.291406 0.044271 0.092969</position>
<age>45-50</age>
<age_conf>0.837931</age_conf>
<gender>male</gender>
<gender_conf>0.997163</gender_conf>
<race>African</race>
<race_conf>0.999998</race_conf>
<loyalty>middle</loyalty>
<loyalty_conf>1.0</loyalty_conf>
</face>
<face>
<position>0.656771 0.290625 0.034896 0.067969</position>
<age>0-20</age>
<age_conf>0.999995</age_conf>
<gender>male</gender>
<gender_conf>0.579186</gender_conf>
<race>Caucasian</race>
<race_conf>0.818167</race_conf>
<loyalty>high</loyalty>
<loyalty_conf>0.8</loyalty_conf>
</face>
<face>
<position>0.475000 0.300000 0.047917 0.087500</position>
<age>0-20</age>
<age_conf>0.999899</age_conf>
<gender>male</gender>
<gender_conf>0.956579</gender_conf>
<race>Caucasian</race>
<race_conf>0.615215</race_conf>
<loyalty>high</loyalty>
<loyalty_conf>0.733333333333</loyalty_conf>
</face>
<face>
<position>0.156771 0.315625 0.031771 0.057813</position>
<age>0-20</age>
<age_conf>0.999996</age_conf>
<gender>male</gender>
<gender_conf>0.999939</gender_conf>
<race>African</race>
<race_conf>0.825233</race_conf>
<loyalty>high</loyalty>
<loyalty_conf>0.666666666667</loyalty_conf>
</face>
<face>
<position>0.097396 0.407813 0.045312 0.084375</position>
<age>0-20</age>
<age_conf>0.848266</age_conf>
<gender>male</gender>
<gender_conf>0.983999</gender_conf>
<race>Asian</race>
<race_conf>0.965495</race_conf>
<loyalty>high</loyalty>
<loyalty_conf>0.733333333333</loyalty_conf>
</face>
<face>
<position>0.280208 0.396094 0.044792 0.083594</position>
<age>20-25</age>
<age_conf>0.941677</age_conf>
<gender>female</gender>
<gender_conf>0.999483</gender_conf>
<race>African</race>
<race_conf>0.999998</race_conf>
<loyalty>high</loyalty>
<loyalty_conf>0.566666666667</loyalty_conf>
</face>
</result>
