<?xml version="1.0" encoding="UTF-8"?>
<result>
<face>
<position>0.398958 0.373437 0.039062 0.076563</position>
<age>0-20</age>
<age_conf>1.0</age_conf>
<gender>female</gender>
<gender_conf>0.998077</gender_conf>
<race>Hispanic</race>
<race_conf>0.968097</race_conf>
<loyalty>low</loyalty>
<loyalty_conf>0.166666666667</loyalty_conf>
</face>
<face>
<position>0.310937 0.287500 0.044792 0.088281</position>
<age>30-35</age>
<age_conf>0.804678</age_conf>
<gender>female</gender>
<gender_conf>1.0</gender_conf>
<race>Caucasian</race>
<race_conf>0.999992</race_conf>
<loyalty>middle</loyalty>
<loyalty_conf>0.2</loyalty_conf>
</face>
<face>
<position>0.368229 0.218750 0.039062 0.065625</position>
<age>0-20</age>
<age_conf>0.647471</age_conf>
<gender>male</gender>
<gender_conf>0.983589</gender_conf>
<race>Caucasian</race>
<race_conf>0.937081</race_conf>
<loyalty>high</loyalty>
<loyalty_conf>0.9</loyalty_conf>
</face>
</result>
