<?xml version="1.0" encoding="UTF-8"?>
<result>
<face>
<position>0.388542 0.266406 0.036458 0.064062</position>
<age>35-40</age>
<age_conf>0.433239</age_conf>
<gender>male</gender>
<gender_conf>0.587277</gender_conf>
<race>Caucasian</race>
<race_conf>0.729872</race_conf>
<loyalty>high</loyalty>
<loyalty_conf>0.966666666667</loyalty_conf>
</face>
<face>
<position>0.549479 0.431250 0.043229 0.081250</position>
<age>0-20</age>
<age_conf>0.999711</age_conf>
<gender>female</gender>
<gender_conf>0.978747</gender_conf>
<race>African</race>
<race_conf>0.573761</race_conf>
<loyalty>high</loyalty>
<loyalty_conf>0.633333333333</loyalty_conf>
</face>
</result>
