<?xml version="1.0" encoding="UTF-8"?>
<result>
<face>
<position>0.136458 0.172656 0.049479 0.096094</position>
<age>0-20</age>
<age_conf>0.900801</age_conf>
<gender>female</gender>
<gender_conf>0.625367</gender_conf>
<race>Hispanic</race>
<race_conf>0.874775</race_conf>
<loyalty>high</loyalty>
<loyalty_conf>0.533333333333</loyalty_conf>
</face>
<face>
<position>0.467708 0.257031 0.043229 0.092188</position>
<age>40-45</age>
<age_conf>0.516739</age_conf>
<gender>female</gender>
<gender_conf>0.999987</gender_conf>
<race>Caucasian</race>
<race_conf>0.809296</race_conf>
<loyalty>high</loyalty>
<loyalty_conf>0.666666666667</loyalty_conf>
</face>
<face>
<position>0.683333 0.303125 0.042708 0.088281</position>
<age>35-40</age>
<age_conf>0.915628</age_conf>
<gender>female</gender>
<gender_conf>1.0</gender_conf>
<race>Hispanic</race>
<race_conf>0.848827</race_conf>
<loyalty>high</loyalty>
<loyalty_conf>0.533333333333</loyalty_conf>
</face>
<face>
<position>0.248958 0.253125 0.055208 0.103125</position>
<age>20-25</age>
<age_conf>0.782123</age_conf>
<gender>female</gender>
<gender_conf>0.998768</gender_conf>
<race>Caucasian</race>
<race_conf>0.976827</race_conf>
<loyalty>high</loyalty>
<loyalty_conf>0.566666666667</loyalty_conf>
</face>
<face>
<position>0.567187 0.235937 0.056771 0.107813</position>
<age>45-50</age>
<age_conf>0.739614</age_conf>
<gender>female</gender>
<gender_conf>0.99303</gender_conf>
<race>African</race>
<race_conf>0.995803</race_conf>
<loyalty>high</loyalty>
<loyalty_conf>0.566666666667</loyalty_conf>
</face>
<face>
<position>0.348958 0.277344 0.047917 0.091406</position>
<age>40-45</age>
<age_conf>0.487576</age_conf>
<gender>female</gender>
<gender_conf>0.999637</gender_conf>
<race>Hispanic</race>
<race_conf>0.605353</race_conf>
<loyalty>middle</loyalty>
<loyalty_conf>0.7</loyalty_conf>
</face>
</result>
