<?xml version="1.0" encoding="UTF-8"?>
<result>
<face>
<position>0.454167 0.278125 0.043229 0.094531</position>
<age>0-20</age>
<age_conf>0.504794</age_conf>
<gender>female</gender>
<gender_conf>1.0</gender_conf>
<race>Caucasian</race>
<race_conf>0.999954</race_conf>
<loyalty>high</loyalty>
<loyalty_conf>0.7</loyalty_conf>
</face>
<face>
<position>0.546875 0.238281 0.061979 0.122656</position>
<age>0-20</age>
<age_conf>0.893029</age_conf>
<gender>female</gender>
<gender_conf>0.999954</gender_conf>
<race>African</race>
<race_conf>0.574674</race_conf>
<loyalty>high</loyalty>
<loyalty_conf>0.533333333333</loyalty_conf>
</face>
<face>
<position>0.337500 0.257812 0.039583 0.068750</position>
<age>35-40</age>
<age_conf>0.644268</age_conf>
<gender>female</gender>
<gender_conf>0.994879</gender_conf>
<race>Caucasian</race>
<race_conf>0.792587</race_conf>
<loyalty>high</loyalty>
<loyalty_conf>0.966666666667</loyalty_conf>
</face>
</result>
