<?xml version="1.0" encoding="UTF-8"?>
<result>
<face>
<position>0.474479 0.378125 0.050521 0.102344</position>
<age>40-45</age>
<age_conf>0.571063</age_conf>
<gender>female</gender>
<gender_conf>1.0</gender_conf>
<race>Asian</race>
<race_conf>0.771316</race_conf>
<loyalty>high</loyalty>
<loyalty_conf>0.833333333333</loyalty_conf>
</face>
<face>
<position>0.355729 0.260937 0.044271 0.080469</position>
<age>35-40</age>
<age_conf>0.814134</age_conf>
<gender>male</gender>
<gender_conf>0.688506</gender_conf>
<race>African</race>
<race_conf>0.420578</race_conf>
<loyalty>high</loyalty>
<loyalty_conf>0.933333333333</loyalty_conf>
</face>
</result>
