<?xml version="1.0" encoding="UTF-8"?>
<result>
<face>
<position>0.522396 0.279687 0.036458 0.066406</position>
<age>35-40</age>
<age_conf>0.709695</age_conf>
<gender>female</gender>
<gender_conf>0.999966</gender_conf>
<race>Caucasian</race>
<race_conf>0.934169</race_conf>
<loyalty>high</loyalty>
<loyalty_conf>0.0333333333333</loyalty_conf>
</face>
<face>
<position>0.435417 0.335938 0.041146 0.076563</position>
<age>30-35</age>
<age_conf>0.838196</age_conf>
<gender>female</gender>
<gender_conf>0.999566</gender_conf>
<race>Caucasian</race>
<race_conf>0.997667</race_conf>
<loyalty>low</loyalty>
<loyalty_conf>0.9</loyalty_conf>
</face>
<face>
<position>0.372917 0.252344 0.035417 0.060937</position>
<age>0-20</age>
<age_conf>0.755564</age_conf>
<gender>female</gender>
<gender_conf>0.999919</gender_conf>
<race>Caucasian</race>
<race_conf>0.817592</race_conf>
<loyalty>high</loyalty>
<loyalty_conf>0.833333333333</loyalty_conf>
</face>
</result>
