<?xml version="1.0" encoding="UTF-8"?>
<result>
<face>
<position>0.645312 0.290625 0.040104 0.092969</position>
<age>40-45</age>
<age_conf>0.568947</age_conf>
<gender>female</gender>
<gender_conf>1.0</gender_conf>
<race>Caucasian</race>
<race_conf>0.540629</race_conf>
<loyalty>middle</loyalty>
<loyalty_conf>0.4</loyalty_conf>
</face>
<face>
<position>0.368229 0.328906 0.046875 0.089063</position>
<age>30-35</age>
<age_conf>0.489879</age_conf>
<gender>female</gender>
<gender_conf>0.982978</gender_conf>
<race>Caucasian</race>
<race_conf>0.883784</race_conf>
<loyalty>high</loyalty>
<loyalty_conf>0.7</loyalty_conf>
</face>
</result>
