<?xml version="1.0" encoding="UTF-8"?>
<result>
<face>
<position>0.391667 0.277344 0.041146 0.078906</position>
<age>0-20</age>
<age_conf>0.998772</age_conf>
<gender>male</gender>
<gender_conf>0.689386</gender_conf>
<race>Caucasian</race>
<race_conf>0.998219</race_conf>
<loyalty>high</loyalty>
<loyalty_conf>0.733333333333</loyalty_conf>
</face>
<face>
<position>0.316146 0.301563 0.047917 0.080469</position>
<age>25-30</age>
<age_conf>0.893805</age_conf>
<gender>female</gender>
<gender_conf>0.886411</gender_conf>
<race>Hispanic</race>
<race_conf>0.706288</race_conf>
<loyalty>high</loyalty>
<loyalty_conf>0.866666666667</loyalty_conf>
</face>
</result>
