<?xml version="1.0" encoding="UTF-8"?>
<result>
<face>
<position>0.419792 0.236719 0.045833 0.100781</position>
<age>35-40</age>
<age_conf>0.866922</age_conf>
<gender>female</gender>
<gender_conf>0.995374</gender_conf>
<race>African</race>
<race_conf>0.999124</race_conf>
<loyalty>high</loyalty>
<loyalty_conf>0.366666666667</loyalty_conf>
</face>
<face>
<position>0.474479 0.307812 0.036979 0.071875</position>
<age>30-35</age>
<age_conf>0.575892</age_conf>
<gender>female</gender>
<gender_conf>0.569826</gender_conf>
<race>African</race>
<race_conf>0.915191</race_conf>
<loyalty>high</loyalty>
<loyalty_conf>0.8</loyalty_conf>
</face>
</result>
