<?xml version="1.0" encoding="UTF-8"?>
<result>
<face>
<position>0.648438 0.330469 0.050000 0.099219</position>
<age>0-20</age>
<age_conf>0.533934</age_conf>
<gender>female</gender>
<gender_conf>0.999987</gender_conf>
<race>Hispanic</race>
<race_conf>0.749409</race_conf>
<loyalty>high</loyalty>
<loyalty_conf>0.733333333333</loyalty_conf>
</face>
<face>
<position>0.570833 0.328906 0.042188 0.077344</position>
<age>35-40</age>
<age_conf>0.955843</age_conf>
<gender>female</gender>
<gender_conf>0.999994</gender_conf>
<race>Hispanic</race>
<race_conf>0.938786</race_conf>
<loyalty>low</loyalty>
<loyalty_conf>0.966666666667</loyalty_conf>
</face>
<face>
<position>0.382292 0.273438 0.034896 0.066406</position>
<age>40-45</age>
<age_conf>0.514453</age_conf>
<gender>female</gender>
<gender_conf>0.611835</gender_conf>
<race>Caucasian</race>
<race_conf>0.99944</race_conf>
<loyalty>high</loyalty>
<loyalty_conf>0.866666666667</loyalty_conf>
</face>
</result>
