<?xml version="1.0" encoding="UTF-8"?>
<result>
<face>
<position>0.404167 0.369531 0.037500 0.078125</position>
<age>0-20</age>
<age_conf>0.962111</age_conf>
<gender>female</gender>
<gender_conf>0.999994</gender_conf>
<race>Asian</race>
<race_conf>0.764898</race_conf>
<loyalty>middle</loyalty>
<loyalty_conf>0.6</loyalty_conf>
</face>
<face>
<position>0.347917 0.350781 0.043750 0.079687</position>
<age>0-20</age>
<age_conf>0.999899</age_conf>
<gender>male</gender>
<gender_conf>0.951497</gender_conf>
<race>Caucasian</race>
<race_conf>0.87994</race_conf>
<loyalty>high</loyalty>
<loyalty_conf>0.733333333333</loyalty_conf>
</face>
</result>
