<?xml version="1.0" encoding="UTF-8"?>
<result>
<face>
<position>0.415625 0.292969 0.041667 0.089063</position>
<age>0-20</age>
<age_conf>0.950504</age_conf>
<gender>female</gender>
<gender_conf>0.999961</gender_conf>
<race>Caucasian</race>
<race_conf>0.999699</race_conf>
<loyalty>high</loyalty>
<loyalty_conf>0.6</loyalty_conf>
</face>
<face>
<position>0.493750 0.267188 0.042708 0.090625</position>
<age>45-50</age>
<age_conf>0.553224</age_conf>
<gender>female</gender>
<gender_conf>0.999948</gender_conf>
<race>Caucasian</race>
<race_conf>0.987792</race_conf>
<loyalty>middle</loyalty>
<loyalty_conf>0.35</loyalty_conf>
</face>
<face>
<position>0.352083 0.264844 0.036458 0.067969</position>
<age>0-20</age>
<age_conf>0.574924</age_conf>
<gender>female</gender>
<gender_conf>0.993771</gender_conf>
<race>Caucasian</race>
<race_conf>0.99929</race_conf>
<loyalty>high</loyalty>
<loyalty_conf>0.8</loyalty_conf>
</face>
</result>
