<?xml version="1.0" encoding="UTF-8"?>
<result>
<face>
<position>0.380208 0.376563 0.040104 0.080469</position>
<age>20-25</age>
<age_conf>0.796572</age_conf>
<gender>female</gender>
<gender_conf>0.978731</gender_conf>
<race>Caucasian</race>
<race_conf>0.999118</race_conf>
<loyalty>low</loyalty>
<loyalty_conf>0.966666666667</loyalty_conf>
</face>
<face>
<position>0.278646 0.271094 0.042188 0.073438</position>
<age>40-45</age>
<age_conf>0.413564</age_conf>
<gender>female</gender>
<gender_conf>0.983927</gender_conf>
<race>Caucasian</race>
<race_conf>0.999594</race_conf>
<loyalty>high</loyalty>
<loyalty_conf>0.833333333333</loyalty_conf>
</face>
</result>
