<?xml version="1.0" encoding="UTF-8"?>
<result>
<face>
<position>0.685937 0.532031 0.037500 0.071094</position>
<age>0-20</age>
<age_conf>0.999991</age_conf>
<gender>female</gender>
<gender_conf>0.993538</gender_conf>
<race>Hispanic</race>
<race_conf>0.937537</race_conf>
<loyalty>high</loyalty>
<loyalty_conf>0.7</loyalty_conf>
</face>
<face>
<position>0.336979 0.208594 0.039062 0.071875</position>
<age>40-45</age>
<age_conf>0.653162</age_conf>
<gender>female</gender>
<gender_conf>0.837353</gender_conf>
<race>African</race>
<race_conf>0.873029</race_conf>
<loyalty>high</loyalty>
<loyalty_conf>0.766666666667</loyalty_conf>
</face>
</result>
