<?xml version="1.0" encoding="UTF-8"?>
<result>
<face>
<position>0.454688 0.257031 0.044792 0.087500</position>
<age>40-45</age>
<age_conf>0.910017</age_conf>
<gender>female</gender>
<gender_conf>0.999974</gender_conf>
<race>Caucasian</race>
<race_conf>0.996921</race_conf>
<loyalty>high</loyalty>
<loyalty_conf>0.533333333333</loyalty_conf>
</face>
<face>
<position>0.366146 0.251563 0.043229 0.087500</position>
<age>35-40</age>
<age_conf>0.808269</age_conf>
<gender>female</gender>
<gender_conf>0.999954</gender_conf>
<race>Caucasian</race>
<race_conf>0.999765</race_conf>
<loyalty>middle</loyalty>
<loyalty_conf>0.5</loyalty_conf>
</face>
</result>
