<?xml version="1.0" encoding="UTF-8"?>
<result>
<face>
<position>0.617708 0.221875 0.044271 0.089844</position>
<age>20-25</age>
<age_conf>0.549714</age_conf>
<gender>female</gender>
<gender_conf>0.999849</gender_conf>
<race>African</race>
<race_conf>0.871471</race_conf>
<loyalty>middle</loyalty>
<loyalty_conf>0.35</loyalty_conf>
</face>
<face>
<position>0.342187 0.208594 0.038021 0.065625</position>
<age>0-20</age>
<age_conf>0.380192</age_conf>
<gender>female</gender>
<gender_conf>0.999753</gender_conf>
<race>Caucasian</race>
<race_conf>0.976672</race_conf>
<loyalty>high</loyalty>
<loyalty_conf>0.866666666667</loyalty_conf>
</face>
</result>
