<?xml version="1.0" encoding="UTF-8"?>
<result>
<face>
<position>0.384896 0.337500 0.045312 0.085938</position>
<age>0-20</age>
<age_conf>0.573171</age_conf>
<gender>male</gender>
<gender_conf>0.962113</gender_conf>
<race>Hispanic</race>
<race_conf>0.536585</race_conf>
<loyalty>middle</loyalty>
<loyalty_conf>0.05</loyalty_conf>
</face>
<face>
<position>0.466667 0.303906 0.040104 0.075781</position>
<age>30-35</age>
<age_conf>0.585957</age_conf>
<gender>female</gender>
<gender_conf>1.0</gender_conf>
<race>Hispanic</race>
<race_conf>0.927983</race_conf>
<loyalty>high</loyalty>
<loyalty_conf>0.6</loyalty_conf>
</face>
</result>
