<?xml version="1.0" encoding="UTF-8"?>
<result>
<face>
<position>0.709375 0.546875 0.036458 0.066406</position>
<age>0-20</age>
<age_conf>0.981117</age_conf>
<gender>male</gender>
<gender_conf>0.989163</gender_conf>
<race>Caucasian</race>
<race_conf>0.914068</race_conf>
<loyalty>high</loyalty>
<loyalty_conf>0.5</loyalty_conf>
</face>
<face>
<position>0.350521 0.269531 0.042188 0.074219</position>
<age>35-40</age>
<age_conf>0.602822</age_conf>
<gender>female</gender>
<gender_conf>0.999673</gender_conf>
<race>Hispanic</race>
<race_conf>0.553227</race_conf>
<loyalty>high</loyalty>
<loyalty_conf>0.833333333333</loyalty_conf>
</face>
</result>
