<?xml version="1.0" encoding="UTF-8"?>
<result>
<face>
<position>0.447396 0.325781 0.040104 0.078906</position>
<age>30-35</age>
<age_conf>0.722876</age_conf>
<gender>female</gender>
<gender_conf>0.999984</gender_conf>
<race>Caucasian</race>
<race_conf>0.982607</race_conf>
<loyalty>high</loyalty>
<loyalty_conf>0.7</loyalty_conf>
</face>
<face>
<position>0.364063 0.253906 0.042708 0.085156</position>
<age>35-40</age>
<age_conf>0.358125</age_conf>
<gender>female</gender>
<gender_conf>0.76911</gender_conf>
<race>Caucasian</race>
<race_conf>0.868548</race_conf>
<loyalty>high</loyalty>
<loyalty_conf>0.366666666667</loyalty_conf>
</face>
</result>
