<?xml version="1.0" encoding="UTF-8"?>
<result>
<face>
<position>0.366146 0.358594 0.034375 0.066406</position>
<age>20-25</age>
<age_conf>0.915537</age_conf>
<gender>female</gender>
<gender_conf>0.998121</gender_conf>
<race>Caucasian</race>
<race_conf>0.999124</race_conf>
<loyalty>high</loyalty>
<loyalty_conf>0.466666666667</loyalty_conf>
</face>
<face>
<position>0.457292 0.370312 0.043229 0.071094</position>
<age>0-20</age>
<age_conf>0.999582</age_conf>
<gender>female</gender>
<gender_conf>0.993284</gender_conf>
<race>African</race>
<race_conf>0.904991</race_conf>
<loyalty>high</loyalty>
<loyalty_conf>0.733333333333</loyalty_conf>
</face>
<face>
<position>0.323958 0.245312 0.040104 0.077344</position>
<age>35-40</age>
<age_conf>0.360743</age_conf>
<gender>female</gender>
<gender_conf>0.9895</gender_conf>
<race>Asian</race>
<race_conf>0.729234</race_conf>
<loyalty>high</loyalty>
<loyalty_conf>0.833333333333</loyalty_conf>
</face>
</result>
