<?xml version="1.0" encoding="UTF-8"?>
<result>
<face>
<position>0.440104 0.308594 0.048438 0.092969</position>
<age>35-40</age>
<age_conf>0.66261</age_conf>
<gender>female</gender>
<gender_conf>0.999997</gender_conf>
<race>Caucasian</race>
<race_conf>0.99994</race_conf>
<loyalty>middle</loyalty>
<loyalty_conf>0.95</loyalty_conf>
</face>
<face>
<position>0.309896 0.283594 0.051562 0.101562</position>
<age>35-40</age>
<age_conf>0.977776</age_conf>
<gender>female</gender>
<gender_conf>0.999978</gender_conf>
<race>Caucasian</race>
<race_conf>0.99344</race_conf>
<loyalty>high</loyalty>
<loyalty_conf>0.6</loyalty_conf>
</face>
</result>
