<?xml version="1.0" encoding="UTF-8"?>
<result>
<face>
<position>0.451562 0.319531 0.043750 0.088281</position>
<age>0-20</age>
<age_conf>0.997469</age_conf>
<gender>female</gender>
<gender_conf>0.999817</gender_conf>
<race>Caucasian</race>
<race_conf>0.985198</race_conf>
<loyalty>high</loyalty>
<loyalty_conf>0.733333333333</loyalty_conf>
</face>
<face>
<position>0.365104 0.265625 0.041146 0.075000</position>
<age>40-45</age>
<age_conf>0.60366</age_conf>
<gender>female</gender>
<gender_conf>0.878455</gender_conf>
<race>Caucasian</race>
<race_conf>0.938994</race_conf>
<loyalty>high</loyalty>
<loyalty_conf>0.8</loyalty_conf>
</face>
</result>
