<?xml version="1.0" encoding="UTF-8"?>
<result>
<face>
<position>0.386979 0.197656 0.036979 0.071094</position>
<age>25-30</age>
<age_conf>0.782402</age_conf>
<gender>male</gender>
<gender_conf>0.999656</gender_conf>
<race>Hispanic</race>
<race_conf>0.734868</race_conf>
<loyalty>low</loyalty>
<loyalty_conf>0.966666666667</loyalty_conf>
</face>
<face>
<position>0.524479 0.210938 0.042188 0.075781</position>
<age>25-30</age>
<age_conf>0.924022</age_conf>
<gender>male</gender>
<gender_conf>0.999597</gender_conf>
<race>Hispanic</race>
<race_conf>0.914836</race_conf>
<loyalty>low</loyalty>
<loyalty_conf>0.933333333333</loyalty_conf>
</face>
<face>
<position>0.457813 0.467187 0.039062 0.073438</position>
<age>45-50</age>
<age_conf>0.710504</age_conf>
<gender>female</gender>
<gender_conf>0.999871</gender_conf>
<race>African</race>
<race_conf>0.977774</race_conf>
<loyalty>high</loyalty>
<loyalty_conf>0.833333333333</loyalty_conf>
</face>
<face>
<position>0.481250 0.450000 0.034896 0.061719</position>
<age>20-25</age>
<age_conf>0.794602</age_conf>
<gender>male</gender>
<gender_conf>0.983213</gender_conf>
<race>African</race>
<race_conf>0.951592</race_conf>
<loyalty>high</loyalty>
<loyalty_conf>0.8</loyalty_conf>
</face>
</result>
