<?xml version="1.0" encoding="UTF-8"?>
<result>
<face>
<position>0.393229 0.135937 0.063021 0.122656</position>
<age>40-45</age>
<age_conf>0.894466</age_conf>
<gender>male</gender>
<gender_conf>0.978483</gender_conf>
<race>Caucasian</race>
<race_conf>0.999018</race_conf>
<loyalty>high</loyalty>
<loyalty_conf>0.733333333333</loyalty_conf>
</face>
<face>
<position>0.308854 0.230469 0.051042 0.101562</position>
<age>30-35</age>
<age_conf>0.805077</age_conf>
<gender>female</gender>
<gender_conf>0.999995</gender_conf>
<race>Caucasian</race>
<race_conf>0.990976</race_conf>
<loyalty>middle</loyalty>
<loyalty_conf>0.05</loyalty_conf>
</face>
</result>
