<?xml version="1.0" encoding="UTF-8"?>
<result>
<face>
<position>0.276562 0.339062 0.044271 0.097656</position>
<age>0-20</age>
<age_conf>0.999991</age_conf>
<gender>female</gender>
<gender_conf>0.999265</gender_conf>
<race>Hispanic</race>
<race_conf>0.51238</race_conf>
<loyalty>middle</loyalty>
<loyalty_conf>0.05</loyalty_conf>
</face>
<face>
<position>0.389062 0.318750 0.045312 0.087500</position>
<age>20-25</age>
<age_conf>0.980018</age_conf>
<gender>female</gender>
<gender_conf>0.999978</gender_conf>
<race>African</race>
<race_conf>0.999994</race_conf>
<loyalty>high</loyalty>
<loyalty_conf>0.333333333333</loyalty_conf>
</face>
<face>
<position>0.578646 0.317188 0.049479 0.093750</position>
<age>0-20</age>
<age_conf>0.994914</age_conf>
<gender>female</gender>
<gender_conf>0.999086</gender_conf>
<race>African</race>
<race_conf>0.999999</race_conf>
<loyalty>high</loyalty>
<loyalty_conf>0.366666666667</loyalty_conf>
</face>
<face>
<position>0.468229 0.275781 0.040625 0.083594</position>
<age>25-30</age>
<age_conf>0.404538</age_conf>
<gender>female</gender>
<gender_conf>0.999998</gender_conf>
<race>Caucasian</race>
<race_conf>0.999786</race_conf>
<loyalty>middle</loyalty>
<loyalty_conf>0.35</loyalty_conf>
</face>
</result>
