<?xml version="1.0" encoding="UTF-8"?>
<result>
<face>
<position>0.403125 0.281250 0.042188 0.082031</position>
<age>40-45</age>
<age_conf>0.5402</age_conf>
<gender>female</gender>
<gender_conf>0.999948</gender_conf>
<race>Hispanic</race>
<race_conf>0.740914</race_conf>
<loyalty>middle</loyalty>
<loyalty_conf>0.15</loyalty_conf>
</face>
<face>
<position>0.509375 0.409375 0.040104 0.073438</position>
<age>0-20</age>
<age_conf>0.999501</age_conf>
<gender>female</gender>
<gender_conf>0.999156</gender_conf>
<race>Caucasian</race>
<race_conf>0.926085</race_conf>
<loyalty>high</loyalty>
<loyalty_conf>0.233333333333</loyalty_conf>
</face>
<face>
<position>0.584375 0.222656 0.053646 0.114844</position>
<age>40-45</age>
<age_conf>0.509683</age_conf>
<gender>female</gender>
<gender_conf>0.500108</gender_conf>
<race>African</race>
<race_conf>0.99006</race_conf>
<loyalty>high</loyalty>
<loyalty_conf>0.166666666667</loyalty_conf>
</face>
<face>
<position>0.506771 0.239844 0.044271 0.089844</position>
<age>50-55</age>
<age_conf>0.876977</age_conf>
<gender>female</gender>
<gender_conf>1.0</gender_conf>
<race>African</race>
<race_conf>0.665663</race_conf>
<loyalty>high</loyalty>
<loyalty_conf>0.733333333333</loyalty_conf>
</face>
<face>
<position>0.363542 0.233594 0.032292 0.065625</position>
<age>20-25</age>
<age_conf>0.479996</age_conf>
<gender>female</gender>
<gender_conf>0.999571</gender_conf>
<race>Caucasian</race>
<race_conf>0.977558</race_conf>
<loyalty>high</loyalty>
<loyalty_conf>0.833333333333</loyalty_conf>
</face>
<face>
<position>0.348958 0.252344 0.032292 0.061719</position>
<age>20-25</age>
<age_conf>0.791487</age_conf>
<gender>female</gender>
<gender_conf>0.963203</gender_conf>
<race>Asian</race>
<race_conf>0.95884</race_conf>
<loyalty>high</loyalty>
<loyalty_conf>0.866666666667</loyalty_conf>
</face>
</result>
