<?xml version="1.0" encoding="UTF-8"?>
<result>
<face>
<position>0.754167 0.315625 0.044271 0.082812</position>
<age>40-45</age>
<age_conf>0.95236</age_conf>
<gender>female</gender>
<gender_conf>1.0</gender_conf>
<race>Caucasian</race>
<race_conf>0.974536</race_conf>
<loyalty>middle</loyalty>
<loyalty_conf>0.05</loyalty_conf>
</face>
<face>
<position>0.359896 0.271094 0.047917 0.082031</position>
<age>35-40</age>
<age_conf>0.749811</age_conf>
<gender>female</gender>
<gender_conf>0.99871</gender_conf>
<race>Caucasian</race>
<race_conf>0.912446</race_conf>
<loyalty>high</loyalty>
<loyalty_conf>0.833333333333</loyalty_conf>
</face>
</result>
