<?xml version="1.0" encoding="UTF-8"?>
<result>
<face>
<position>0.363021 0.321875 0.036979 0.076563</position>
<age>0-20</age>
<age_conf>0.980881</age_conf>
<gender>female</gender>
<gender_conf>0.999312</gender_conf>
<race>Hispanic</race>
<race_conf>0.66718</race_conf>
<loyalty>high</loyalty>
<loyalty_conf>0.7</loyalty_conf>
</face>
<face>
<position>0.294792 0.320312 0.035417 0.069531</position>
<age>30-35</age>
<age_conf>0.829806</age_conf>
<gender>female</gender>
<gender_conf>1.0</gender_conf>
<race>Hispanic</race>
<race_conf>0.877655</race_conf>
<loyalty>high</loyalty>
<loyalty_conf>0.0</loyalty_conf>
</face>
</result>
