<?xml version="1.0" encoding="UTF-8"?>
<result>
<face>
<position>0.393229 0.287500 0.038021 0.078125</position>
<age>20-25</age>
<age_conf>0.980649</age_conf>
<gender>female</gender>
<gender_conf>0.999997</gender_conf>
<race>Hispanic</race>
<race_conf>0.881942</race_conf>
<loyalty>high</loyalty>
<loyalty_conf>0.733333333333</loyalty_conf>
</face>
<face>
<position>0.309896 0.299219 0.036979 0.073438</position>
<age>35-40</age>
<age_conf>0.838094</age_conf>
<gender>female</gender>
<gender_conf>1.0</gender_conf>
<race>Caucasian</race>
<race_conf>0.947558</race_conf>
<loyalty>high</loyalty>
<loyalty_conf>0.0666666666667</loyalty_conf>
</face>
<face>
<position>0.483854 0.321875 0.041146 0.074219</position>
<age>30-35</age>
<age_conf>0.826768</age_conf>
<gender>female</gender>
<gender_conf>0.998546</gender_conf>
<race>Hispanic</race>
<race_conf>0.524732</race_conf>
<loyalty>low</loyalty>
<loyalty_conf>0.866666666667</loyalty_conf>
</face>
<face>
<position>0.235937 0.264062 0.036979 0.074219</position>
<age>30-35</age>
<age_conf>0.585442</age_conf>
<gender>male</gender>
<gender_conf>0.999665</gender_conf>
<race>Caucasian</race>
<race_conf>0.995211</race_conf>
<loyalty>low</loyalty>
<loyalty_conf>0.966666666667</loyalty_conf>
</face>
</result>
