<?xml version="1.0" encoding="UTF-8"?>
<result>
<face>
<position>0.425521 0.349219 0.043750 0.091406</position>
<age>0-20</age>
<age_conf>0.489632</age_conf>
<gender>female</gender>
<gender_conf>0.999919</gender_conf>
<race>Caucasian</race>
<race_conf>0.392346</race_conf>
<loyalty>middle</loyalty>
<loyalty_conf>0.05</loyalty_conf>
</face>
<face>
<position>0.506250 0.368750 0.051042 0.100000</position>
<age>20-25</age>
<age_conf>0.60932</age_conf>
<gender>female</gender>
<gender_conf>0.852509</gender_conf>
<race>African</race>
<race_conf>0.972052</race_conf>
<loyalty>high</loyalty>
<loyalty_conf>0.633333333333</loyalty_conf>
</face>
<face>
<position>0.344792 0.311719 0.043229 0.089844</position>
<age>40-45</age>
<age_conf>0.791447</age_conf>
<gender>female</gender>
<gender_conf>0.99856</gender_conf>
<race>African</race>
<race_conf>0.896445</race_conf>
<loyalty>high</loyalty>
<loyalty_conf>0.733333333333</loyalty_conf>
</face>
</result>
