<?xml version="1.0" encoding="UTF-8"?>
<result>
<face>
<position>0.195833 0.212500 0.041667 0.078906</position>
<age>30-35</age>
<age_conf>0.970311</age_conf>
<gender>male</gender>
<gender_conf>0.999808</gender_conf>
<race>Caucasian</race>
<race_conf>0.998993</race_conf>
<loyalty>high</loyalty>
<loyalty_conf>0.233333333333</loyalty_conf>
</face>
<face>
<position>0.703125 0.239844 0.038021 0.075781</position>
<age>25-30</age>
<age_conf>0.850891</age_conf>
<gender>female</gender>
<gender_conf>1.0</gender_conf>
<race>Caucasian</race>
<race_conf>0.999793</race_conf>
<loyalty>high</loyalty>
<loyalty_conf>0.7</loyalty_conf>
</face>
<face>
<position>0.412500 0.231250 0.041667 0.080469</position>
<age>35-40</age>
<age_conf>0.409031</age_conf>
<gender>female</gender>
<gender_conf>0.999994</gender_conf>
<race>Caucasian</race>
<race_conf>0.513247</race_conf>
<loyalty>middle</loyalty>
<loyalty_conf>0.4</loyalty_conf>
</face>
<face>
<position>0.554167 0.229687 0.042188 0.075781</position>
<age>30-35</age>
<age_conf>0.891608</age_conf>
<gender>female</gender>
<gender_conf>0.985788</gender_conf>
<race>Caucasian</race>
<race_conf>0.999655</race_conf>
<loyalty>high</loyalty>
<loyalty_conf>0.7</loyalty_conf>
</face>
</result>
