<?xml version="1.0" encoding="UTF-8"?>
<result>
<face>
<position>0.384896 0.278906 0.039583 0.077344</position>
<age>20-25</age>
<age_conf>0.832783</age_conf>
<gender>female</gender>
<gender_conf>0.999708</gender_conf>
<race>Hispanic</race>
<race_conf>0.529339</race_conf>
<loyalty>middle</loyalty>
<loyalty_conf>0.5</loyalty_conf>
</face>
<face>
<position>0.201563 0.257031 0.052083 0.096875</position>
<age>0-20</age>
<age_conf>0.680846</age_conf>
<gender>female</gender>
<gender_conf>0.99949</gender_conf>
<race>Caucasian</race>
<race_conf>0.994936</race_conf>
<loyalty>middle</loyalty>
<loyalty_conf>0.4</loyalty_conf>
</face>
<face>
<position>0.702604 0.276562 0.040104 0.083594</position>
<age>30-35</age>
<age_conf>0.71607</age_conf>
<gender>female</gender>
<gender_conf>0.999985</gender_conf>
<race>Caucasian</race>
<race_conf>0.965163</race_conf>
<loyalty>high</loyalty>
<loyalty_conf>0.366666666667</loyalty_conf>
</face>
<face>
<position>0.290625 0.260156 0.041146 0.077344</position>
<age>30-35</age>
<age_conf>0.829015</age_conf>
<gender>female</gender>
<gender_conf>0.99987</gender_conf>
<race>Hispanic</race>
<race_conf>0.552441</race_conf>
<loyalty>high</loyalty>
<loyalty_conf>0.766666666667</loyalty_conf>
</face>
<face>
<position>0.599479 0.285938 0.046875 0.100781</position>
<age>35-40</age>
<age_conf>0.588701</age_conf>
<gender>female</gender>
<gender_conf>0.999994</gender_conf>
<race>Hispanic</race>
<race_conf>0.777625</race_conf>
<loyalty>high</loyalty>
<loyalty_conf>0.533333333333</loyalty_conf>
</face>
<face>
<position>0.501563 0.296094 0.039062 0.085156</position>
<age>25-30</age>
<age_conf>0.357987</age_conf>
<gender>female</gender>
<gender_conf>0.999155</gender_conf>
<race>African</race>
<race_conf>0.57846</race_conf>
<loyalty>low</loyalty>
<loyalty_conf>0.966666666667</loyalty_conf>
</face>
<face>
<position>0.788542 0.278906 0.044792 0.085156</position>
<age>20-25</age>
<age_conf>0.743927</age_conf>
<gender>female</gender>
<gender_conf>0.99998</gender_conf>
<race>Caucasian</race>
<race_conf>0.797626</race_conf>
<loyalty>high</loyalty>
<loyalty_conf>0.0333333333333</loyalty_conf>
</face>
</result>
