<?xml version="1.0" encoding="UTF-8"?>
<result>
<face>
<position>0.436458 0.272656 0.041667 0.089063</position>
<age>20-25</age>
<age_conf>0.78128</age_conf>
<gender>female</gender>
<gender_conf>0.981433</gender_conf>
<race>African</race>
<race_conf>0.881954</race_conf>
<loyalty>high</loyalty>
<loyalty_conf>0.833333333333</loyalty_conf>
</face>
<face>
<position>0.498437 0.275000 0.040625 0.082812</position>
<age>30-35</age>
<age_conf>0.839463</age_conf>
<gender>female</gender>
<gender_conf>0.998216</gender_conf>
<race>Asian</race>
<race_conf>0.661928</race_conf>
<loyalty>low</loyalty>
<loyalty_conf>0.466666666667</loyalty_conf>
</face>
<face>
<position>0.320312 0.249219 0.038542 0.066406</position>
<age>0-20</age>
<age_conf>0.934751</age_conf>
<gender>female</gender>
<gender_conf>0.999978</gender_conf>
<race>Caucasian</race>
<race_conf>0.998941</race_conf>
<loyalty>high</loyalty>
<loyalty_conf>0.866666666667</loyalty_conf>
</face>
</result>
