<?xml version="1.0" encoding="UTF-8"?>
<result>
<face>
<position>0.403646 0.264062 0.045833 0.092969</position>
<age>30-35</age>
<age_conf>0.858138</age_conf>
<gender>male</gender>
<gender_conf>0.671779</gender_conf>
<race>Caucasian</race>
<race_conf>0.517887</race_conf>
<loyalty>high</loyalty>
<loyalty_conf>0.533333333333</loyalty_conf>
</face>
<face>
<position>0.516667 0.300000 0.041667 0.085156</position>
<age>40-45</age>
<age_conf>0.679631</age_conf>
<gender>female</gender>
<gender_conf>1.0</gender_conf>
<race>Caucasian</race>
<race_conf>0.99995</race_conf>
<loyalty>low</loyalty>
<loyalty_conf>0.5</loyalty_conf>
</face>
<face>
<position>0.451042 0.417969 0.039062 0.079687</position>
<age>25-30</age>
<age_conf>0.324442</age_conf>
<gender>female</gender>
<gender_conf>0.999522</gender_conf>
<race>Asian</race>
<race_conf>0.829007</race_conf>
<loyalty>high</loyalty>
<loyalty_conf>0.7</loyalty_conf>
</face>
</result>
