<?xml version="1.0" encoding="UTF-8"?>
<result>
<face>
<position>0.453125 0.260156 0.046875 0.088281</position>
<age>55-60</age>
<age_conf>0.651915</age_conf>
<gender>male</gender>
<gender_conf>0.943882</gender_conf>
<race>Caucasian</race>
<race_conf>0.999389</race_conf>
<loyalty>low</loyalty>
<loyalty_conf>0.966666666667</loyalty_conf>
</face>
<face>
<position>0.351562 0.314063 0.044792 0.084375</position>
<age>40-45</age>
<age_conf>0.549574</age_conf>
<gender>female</gender>
<gender_conf>0.99979</gender_conf>
<race>Caucasian</race>
<race_conf>0.995311</race_conf>
<loyalty>high</loyalty>
<loyalty_conf>0.766666666667</loyalty_conf>
</face>
</result>
