<?xml version="1.0" encoding="UTF-8"?>
<result>
<face>
<position>0.478646 0.318750 0.037500 0.067187</position>
<age>20-25</age>
<age_conf>0.426097</age_conf>
<gender>female</gender>
<gender_conf>0.999998</gender_conf>
<race>African</race>
<race_conf>0.937809</race_conf>
<loyalty>high</loyalty>
<loyalty_conf>0.566666666667</loyalty_conf>
</face>
<face>
<position>0.348438 0.216406 0.041146 0.066406</position>
<age>45-50</age>
<age_conf>0.52127</age_conf>
<gender>male</gender>
<gender_conf>0.654632</gender_conf>
<race>Caucasian</race>
<race_conf>0.999945</race_conf>
<loyalty>high</loyalty>
<loyalty_conf>0.8</loyalty_conf>
</face>
</result>
