<?xml version="1.0" encoding="UTF-8"?>
<result>
<face>
<position>0.408854 0.264844 0.036979 0.074219</position>
<age>35-40</age>
<age_conf>0.523068</age_conf>
<gender>female</gender>
<gender_conf>0.999921</gender_conf>
<race>Caucasian</race>
<race_conf>0.989969</race_conf>
<loyalty>high</loyalty>
<loyalty_conf>0.366666666667</loyalty_conf>
</face>
<face>
<position>0.497917 0.250000 0.043750 0.086719</position>
<age>35-40</age>
<age_conf>0.942095</age_conf>
<gender>female</gender>
<gender_conf>0.999998</gender_conf>
<race>Caucasian</race>
<race_conf>0.999674</race_conf>
<loyalty>high</loyalty>
<loyalty_conf>0.266666666667</loyalty_conf>
</face>
</result>
