<?xml version="1.0" encoding="UTF-8"?>
<result>
<face>
<position>0.346354 0.328906 0.029167 0.056250</position>
<age>20-25</age>
<age_conf>0.548066</age_conf>
<gender>female</gender>
<gender_conf>1.0</gender_conf>
<race>African</race>
<race_conf>1.0</race_conf>
<loyalty>high</loyalty>
<loyalty_conf>0.566666666667</loyalty_conf>
</face>
<face>
<position>0.666667 0.349219 0.038542 0.072656</position>
<age>45-50</age>
<age_conf>0.900088</age_conf>
<gender>female</gender>
<gender_conf>0.999999</gender_conf>
<race>African</race>
<race_conf>1.0</race_conf>
<loyalty>high</loyalty>
<loyalty_conf>0.233333333333</loyalty_conf>
</face>
<face>
<position>0.448437 0.314063 0.031250 0.057031</position>
<age>0-20</age>
<age_conf>0.506233</age_conf>
<gender>female</gender>
<gender_conf>1.0</gender_conf>
<race>African</race>
<race_conf>1.0</race_conf>
<loyalty>high</loyalty>
<loyalty_conf>0.633333333333</loyalty_conf>
</face>
</result>
