<?xml version="1.0" encoding="UTF-8"?>
<result>
<face>
<position>0.301563 0.250000 0.036979 0.064062</position>
<age>35-40</age>
<age_conf>0.920979</age_conf>
<gender>female</gender>
<gender_conf>0.999959</gender_conf>
<race>African</race>
<race_conf>0.70685</race_conf>
<loyalty>low</loyalty>
<loyalty_conf>0.933333333333</loyalty_conf>
</face>
<face>
<position>0.525521 0.236719 0.042188 0.088281</position>
<age>30-35</age>
<age_conf>0.436141</age_conf>
<gender>female</gender>
<gender_conf>0.994065</gender_conf>
<race>African</race>
<race_conf>0.999612</race_conf>
<loyalty>high</loyalty>
<loyalty_conf>0.9</loyalty_conf>
</face>
<face>
<position>0.438542 0.240625 0.040625 0.079687</position>
<age>40-45</age>
<age_conf>0.518078</age_conf>
<gender>female</gender>
<gender_conf>1.0</gender_conf>
<race>Caucasian</race>
<race_conf>0.969692</race_conf>
<loyalty>middle</loyalty>
<loyalty_conf>0.1</loyalty_conf>
</face>
<face>
<position>0.590104 0.229687 0.030208 0.051562</position>
<age>35-40</age>
<age_conf>0.935382</age_conf>
<gender>female</gender>
<gender_conf>0.999981</gender_conf>
<race>Hispanic</race>
<race_conf>0.803835</race_conf>
<loyalty>high</loyalty>
<loyalty_conf>0.9</loyalty_conf>
</face>
<face>
<position>0.362500 0.228906 0.037500 0.060156</position>
<age>40-45</age>
<age_conf>0.634033</age_conf>
<gender>female</gender>
<gender_conf>1.0</gender_conf>
<race>Caucasian</race>
<race_conf>0.984438</race_conf>
<loyalty>middle</loyalty>
<loyalty_conf>0.95</loyalty_conf>
</face>
</result>
