<?xml version="1.0" encoding="UTF-8"?>
<result>
<face>
<position>0.523958 0.429688 0.036458 0.079687</position>
<age>0-20</age>
<age_conf>0.999774</age_conf>
<gender>male</gender>
<gender_conf>0.727962</gender_conf>
<race>African</race>
<race_conf>0.995808</race_conf>
<loyalty>high</loyalty>
<loyalty_conf>0.3</loyalty_conf>
</face>
<face>
<position>0.591667 0.314844 0.037500 0.076563</position>
<age>25-30</age>
<age_conf>0.59377</age_conf>
<gender>female</gender>
<gender_conf>0.999999</gender_conf>
<race>Caucasian</race>
<race_conf>0.99993</race_conf>
<loyalty>low</loyalty>
<loyalty_conf>0.633333333333</loyalty_conf>
</face>
</result>
