<?xml version="1.0" encoding="UTF-8"?>
<result>
<face>
<position>0.655729 0.433594 0.034896 0.060937</position>
<age>0-20</age>
<age_conf>0.654516</age_conf>
<gender>female</gender>
<gender_conf>0.942458</gender_conf>
<race>Caucasian</race>
<race_conf>0.999757</race_conf>
<loyalty>high</loyalty>
<loyalty_conf>0.266666666667</loyalty_conf>
</face>
<face>
<position>0.234375 0.334375 0.032813 0.064844</position>
<age>30-35</age>
<age_conf>0.477695</age_conf>
<gender>female</gender>
<gender_conf>0.99589</gender_conf>
<race>African</race>
<race_conf>0.97215</race_conf>
<loyalty>high</loyalty>
<loyalty_conf>0.733333333333</loyalty_conf>
</face>
<face>
<position>0.373958 0.711719 0.035417 0.059375</position>
<age>0-20</age>
<age_conf>0.650652</age_conf>
<gender>female</gender>
<gender_conf>0.887187</gender_conf>
<race>Asian</race>
<race_conf>0.611826</race_conf>
<loyalty>high</loyalty>
<loyalty_conf>0.9</loyalty_conf>
</face>
<face>
<position>0.350000 0.259375 0.038542 0.069531</position>
<age>35-40</age>
<age_conf>0.628134</age_conf>
<gender>female</gender>
<gender_conf>0.994058</gender_conf>
<race>Caucasian</race>
<race_conf>0.815565</race_conf>
<loyalty>high</loyalty>
<loyalty_conf>0.9</loyalty_conf>
</face>
</result>
