<?xml version="1.0" encoding="UTF-8"?>
<result>
<face>
<position>0.585417 0.267969 0.064062 0.127344</position>
<age>35-40</age>
<age_conf>0.797455</age_conf>
<gender>female</gender>
<gender_conf>0.730222</gender_conf>
<race>Caucasian</race>
<race_conf>0.999447</race_conf>
<loyalty>high</loyalty>
<loyalty_conf>0.7</loyalty_conf>
</face>
<face>
<position>0.256250 0.284375 0.049479 0.094531</position>
<age>50-55</age>
<age_conf>0.647673</age_conf>
<gender>female</gender>
<gender_conf>0.994487</gender_conf>
<race>Caucasian</race>
<race_conf>0.999866</race_conf>
<loyalty>high</loyalty>
<loyalty_conf>0.266666666667</loyalty_conf>
</face>
<face>
<position>0.369271 0.273438 0.051562 0.101562</position>
<age>35-40</age>
<age_conf>0.515921</age_conf>
<gender>female</gender>
<gender_conf>1.0</gender_conf>
<race>Caucasian</race>
<race_conf>0.984432</race_conf>
<loyalty>high</loyalty>
<loyalty_conf>0.0</loyalty_conf>
</face>
<face>
<position>0.484896 0.312500 0.042188 0.086719</position>
<age>20-25</age>
<age_conf>0.885174</age_conf>
<gender>female</gender>
<gender_conf>0.999956</gender_conf>
<race>Caucasian</race>
<race_conf>0.951918</race_conf>
<loyalty>high</loyalty>
<loyalty_conf>0.466666666667</loyalty_conf>
</face>
</result>
