<?xml version="1.0" encoding="UTF-8"?>
<result>
<face>
<position>0.542708 0.482031 0.050000 0.092969</position>
<age>0-20</age>
<age_conf>0.722029</age_conf>
<gender>female</gender>
<gender_conf>0.999877</gender_conf>
<race>Asian</race>
<race_conf>0.448767</race_conf>
<loyalty>high</loyalty>
<loyalty_conf>0.7</loyalty_conf>
</face>
<face>
<position>0.612500 0.350781 0.050000 0.104688</position>
<age>0-20</age>
<age_conf>0.999999</age_conf>
<gender>female</gender>
<gender_conf>0.999989</gender_conf>
<race>Caucasian</race>
<race_conf>0.995196</race_conf>
<loyalty>low</loyalty>
<loyalty_conf>0.2</loyalty_conf>
</face>
<face>
<position>0.356771 0.267188 0.049479 0.087500</position>
<age>30-35</age>
<age_conf>0.644269</age_conf>
<gender>female</gender>
<gender_conf>0.854298</gender_conf>
<race>Caucasian</race>
<race_conf>0.675895</race_conf>
<loyalty>high</loyalty>
<loyalty_conf>0.9</loyalty_conf>
</face>
</result>
