<?xml version="1.0" encoding="UTF-8"?>
<result>
<face>
<position>0.231250 0.235156 0.042708 0.087500</position>
<age>35-40</age>
<age_conf>0.730817</age_conf>
<gender>male</gender>
<gender_conf>0.974436</gender_conf>
<race>Caucasian</race>
<race_conf>0.786265</race_conf>
<loyalty>high</loyalty>
<loyalty_conf>0.5</loyalty_conf>
</face>
<face>
<position>0.364583 0.258594 0.042708 0.084375</position>
<age>0-20</age>
<age_conf>0.85341</age_conf>
<gender>female</gender>
<gender_conf>0.999984</gender_conf>
<race>African</race>
<race_conf>0.998207</race_conf>
<loyalty>high</loyalty>
<loyalty_conf>0.666666666667</loyalty_conf>
</face>
<face>
<position>0.284375 0.421875 0.039583 0.075781</position>
<age>20-25</age>
<age_conf>0.905915</age_conf>
<gender>female</gender>
<gender_conf>0.999995</gender_conf>
<race>Asian</race>
<race_conf>0.785835</race_conf>
<loyalty>high</loyalty>
<loyalty_conf>0.366666666667</loyalty_conf>
</face>
</result>
