<?xml version="1.0" encoding="UTF-8"?>
<result>
<face>
<position>0.300000 0.170313 0.042708 0.082812</position>
<age>25-30</age>
<age_conf>0.776332</age_conf>
<gender>male</gender>
<gender_conf>0.999511</gender_conf>
<race>Hispanic</race>
<race_conf>0.779242</race_conf>
<loyalty>high</loyalty>
<loyalty_conf>0.7</loyalty_conf>
</face>
<face>
<position>0.381250 0.258594 0.033854 0.065625</position>
<age>30-35</age>
<age_conf>0.675145</age_conf>
<gender>female</gender>
<gender_conf>1.0</gender_conf>
<race>African</race>
<race_conf>0.970745</race_conf>
<loyalty>high</loyalty>
<loyalty_conf>0.7</loyalty_conf>
</face>
</result>
