<?xml version="1.0" encoding="UTF-8"?>
<result>
<face>
<position>0.457813 0.172656 0.040625 0.078125</position>
<age>35-40</age>
<age_conf>0.919771</age_conf>
<gender>male</gender>
<gender_conf>0.967317</gender_conf>
<race>Hispanic</race>
<race_conf>0.547918</race_conf>
<loyalty>low</loyalty>
<loyalty_conf>0.966666666667</loyalty_conf>
</face>
<face>
<position>0.540625 0.214844 0.060937 0.119531</position>
<age>35-40</age>
<age_conf>0.61966</age_conf>
<gender>male</gender>
<gender_conf>0.990913</gender_conf>
<race>African</race>
<race_conf>0.978661</race_conf>
<loyalty>high</loyalty>
<loyalty_conf>0.0666666666667</loyalty_conf>
</face>
<face>
<position>0.360417 0.225000 0.038542 0.072656</position>
<age>30-35</age>
<age_conf>0.421794</age_conf>
<gender>female</gender>
<gender_conf>0.998806</gender_conf>
<race>Caucasian</race>
<race_conf>0.868335</race_conf>
<loyalty>high</loyalty>
<loyalty_conf>0.9</loyalty_conf>
</face>
</result>
