<?xml version="1.0" encoding="UTF-8"?>
<result>
<face>
<position>0.374479 0.316406 0.036979 0.069531</position>
<age>30-35</age>
<age_conf>0.974673</age_conf>
<gender>female</gender>
<gender_conf>0.999973</gender_conf>
<race>Hispanic</race>
<race_conf>0.743569</race_conf>
<loyalty>low</loyalty>
<loyalty_conf>0.966666666667</loyalty_conf>
</face>
<face>
<position>0.544792 0.418750 0.050000 0.095312</position>
<age>25-30</age>
<age_conf>0.812313</age_conf>
<gender>female</gender>
<gender_conf>0.868104</gender_conf>
<race>Asian</race>
<race_conf>0.968011</race_conf>
<loyalty>high</loyalty>
<loyalty_conf>0.8</loyalty_conf>
</face>
</result>
