<?xml version="1.0" encoding="UTF-8"?>
<result>
<face>
<position>0.483854 0.229687 0.040625 0.077344</position>
<age>20-25</age>
<age_conf>0.701653</age_conf>
<gender>female</gender>
<gender_conf>0.974548</gender_conf>
<race>Hispanic</race>
<race_conf>0.645334</race_conf>
<loyalty>high</loyalty>
<loyalty_conf>0.833333333333</loyalty_conf>
</face>
<face>
<position>0.368229 0.232813 0.038542 0.064844</position>
<age>40-45</age>
<age_conf>0.854235</age_conf>
<gender>female</gender>
<gender_conf>0.759585</gender_conf>
<race>Caucasian</race>
<race_conf>0.965119</race_conf>
<loyalty>high</loyalty>
<loyalty_conf>0.9</loyalty_conf>
</face>
</result>
