<?xml version="1.0" encoding="UTF-8"?>
<result>
<face>
<position>0.401042 0.312500 0.046354 0.091406</position>
<age>35-40</age>
<age_conf>0.646633</age_conf>
<gender>female</gender>
<gender_conf>0.962399</gender_conf>
<race>African</race>
<race_conf>0.592314</race_conf>
<loyalty>high</loyalty>
<loyalty_conf>0.466666666667</loyalty_conf>
</face>
<face>
<position>0.505208 0.300781 0.054167 0.105469</position>
<age>0-20</age>
<age_conf>0.40234</age_conf>
<gender>female</gender>
<gender_conf>0.997999</gender_conf>
<race>African</race>
<race_conf>0.998423</race_conf>
<loyalty>high</loyalty>
<loyalty_conf>0.766666666667</loyalty_conf>
</face>
<face>
<position>0.602604 0.317188 0.045312 0.082031</position>
<age>25-30</age>
<age_conf>0.412582</age_conf>
<gender>female</gender>
<gender_conf>0.996815</gender_conf>
<race>Hispanic</race>
<race_conf>0.728279</race_conf>
<loyalty>high</loyalty>
<loyalty_conf>0.5</loyalty_conf>
</face>
<face>
<position>0.296875 0.282813 0.045312 0.083594</position>
<age>30-35</age>
<age_conf>0.969798</age_conf>
<gender>female</gender>
<gender_conf>0.983387</gender_conf>
<race>Caucasian</race>
<race_conf>0.998469</race_conf>
<loyalty>middle</loyalty>
<loyalty_conf>0.65</loyalty_conf>
</face>
</result>
