<?xml version="1.0" encoding="UTF-8"?>
<result>
<face>
<position>0.714583 0.271094 0.042188 0.084375</position>
<age>40-45</age>
<age_conf>0.695766</age_conf>
<gender>female</gender>
<gender_conf>0.999972</gender_conf>
<race>Caucasian</race>
<race_conf>0.990074</race_conf>
<loyalty>high</loyalty>
<loyalty_conf>0.6</loyalty_conf>
</face>
<face>
<position>0.486979 0.334375 0.038542 0.074219</position>
<age>35-40</age>
<age_conf>0.713447</age_conf>
<gender>female</gender>
<gender_conf>0.996205</gender_conf>
<race>Caucasian</race>
<race_conf>0.908568</race_conf>
<loyalty>high</loyalty>
<loyalty_conf>0.866666666667</loyalty_conf>
</face>
</result>
