<?xml version="1.0" encoding="UTF-8"?>
<result>
<face>
<position>0.435937 0.425000 0.038021 0.071094</position>
<age>0-20</age>
<age_conf>0.954054</age_conf>
<gender>female</gender>
<gender_conf>0.997129</gender_conf>
<race>African</race>
<race_conf>0.998382</race_conf>
<loyalty>high</loyalty>
<loyalty_conf>0.366666666667</loyalty_conf>
</face>
<face>
<position>0.328125 0.228125 0.038021 0.065625</position>
<age>40-45</age>
<age_conf>0.693885</age_conf>
<gender>female</gender>
<gender_conf>0.999198</gender_conf>
<race>Caucasian</race>
<race_conf>0.987943</race_conf>
<loyalty>high</loyalty>
<loyalty_conf>0.9</loyalty_conf>
</face>
</result>
