<?xml version="1.0" encoding="UTF-8"?>
<result>
<face>
<position>0.314583 0.257031 0.040625 0.079687</position>
<age>40-45</age>
<age_conf>0.584205</age_conf>
<gender>female</gender>
<gender_conf>0.99998</gender_conf>
<race>Hispanic</race>
<race_conf>0.62526</race_conf>
<loyalty>high</loyalty>
<loyalty_conf>0.766666666667</loyalty_conf>
</face>
<face>
<position>0.400000 0.407031 0.036458 0.069531</position>
<age>0-20</age>
<age_conf>0.999998</age_conf>
<gender>female</gender>
<gender_conf>0.996029</gender_conf>
<race>Caucasian</race>
<race_conf>0.833039</race_conf>
<loyalty>high</loyalty>
<loyalty_conf>0.8</loyalty_conf>
</face>
<face>
<position>0.402604 0.261719 0.038021 0.087500</position>
<age>35-40</age>
<age_conf>0.790195</age_conf>
<gender>female</gender>
<gender_conf>0.999915</gender_conf>
<race>Hispanic</race>
<race_conf>0.600489</race_conf>
<loyalty>high</loyalty>
<loyalty_conf>0.433333333333</loyalty_conf>
</face>
</result>
