<?xml version="1.0" encoding="UTF-8"?>
<result>
<face>
<position>0.348438 0.336719 0.039062 0.077344</position>
<age>35-40</age>
<age_conf>0.782651</age_conf>
<gender>female</gender>
<gender_conf>0.999999</gender_conf>
<race>Caucasian</race>
<race_conf>0.81575</race_conf>
<loyalty>high</loyalty>
<loyalty_conf>0.433333333333</loyalty_conf>
</face>
<face>
<position>0.272917 0.301563 0.053125 0.110156</position>
<age>40-45</age>
<age_conf>0.639648</age_conf>
<gender>female</gender>
<gender_conf>0.999995</gender_conf>
<race>Asian</race>
<race_conf>0.455263</race_conf>
<loyalty>high</loyalty>
<loyalty_conf>0.7</loyalty_conf>
</face>
</result>
