<?xml version="1.0" encoding="UTF-8"?>
<result>
<face>
<position>0.471354 0.382031 0.036979 0.071875</position>
<age>0-20</age>
<age_conf>0.968824</age_conf>
<gender>female</gender>
<gender_conf>0.998076</gender_conf>
<race>Caucasian</race>
<race_conf>0.998633</race_conf>
<loyalty>high</loyalty>
<loyalty_conf>0.9</loyalty_conf>
</face>
<face>
<position>0.577083 0.344531 0.063021 0.121875</position>
<age>40-45</age>
<age_conf>0.964786</age_conf>
<gender>female</gender>
<gender_conf>0.999887</gender_conf>
<race>African</race>
<race_conf>0.999999</race_conf>
<loyalty>high</loyalty>
<loyalty_conf>0.9</loyalty_conf>
</face>
<face>
<position>0.389062 0.351562 0.040625 0.070312</position>
<age>40-45</age>
<age_conf>0.647002</age_conf>
<gender>male</gender>
<gender_conf>0.906425</gender_conf>
<race>Caucasian</race>
<race_conf>0.829523</race_conf>
<loyalty>high</loyalty>
<loyalty_conf>0.9</loyalty_conf>
</face>
</result>
