<?xml version="1.0" encoding="UTF-8"?>
<result>
<face>
<position>0.452604 0.211719 0.034896 0.065625</position>
<age>40-45</age>
<age_conf>0.885834</age_conf>
<gender>male</gender>
<gender_conf>0.999132</gender_conf>
<race>Caucasian</race>
<race_conf>0.999408</race_conf>
<loyalty>middle</loyalty>
<loyalty_conf>0.25</loyalty_conf>
</face>
<face>
<position>0.364063 0.235937 0.039062 0.067969</position>
<age>40-45</age>
<age_conf>0.671998</age_conf>
<gender>female</gender>
<gender_conf>0.940202</gender_conf>
<race>Caucasian</race>
<race_conf>0.936504</race_conf>
<loyalty>high</loyalty>
<loyalty_conf>0.9</loyalty_conf>
</face>
</result>
