<?xml version="1.0" encoding="UTF-8"?>
<result>
<face>
<position>0.651563 0.299219 0.043750 0.085938</position>
<age>35-40</age>
<age_conf>0.975979</age_conf>
<gender>female</gender>
<gender_conf>1.0</gender_conf>
<race>Caucasian</race>
<race_conf>0.999584</race_conf>
<loyalty>middle</loyalty>
<loyalty_conf>0.1</loyalty_conf>
</face>
<face>
<position>0.477083 0.307812 0.045833 0.082031</position>
<age>45-50</age>
<age_conf>0.948928</age_conf>
<gender>female</gender>
<gender_conf>0.790064</gender_conf>
<race>Caucasian</race>
<race_conf>0.966917</race_conf>
<loyalty>low</loyalty>
<loyalty_conf>0.966666666667</loyalty_conf>
</face>
</result>
