<?xml version="1.0" encoding="UTF-8"?>
<result>
<face>
<position>0.427083 0.213281 0.061458 0.122656</position>
<age>35-40</age>
<age_conf>0.950688</age_conf>
<gender>female</gender>
<gender_conf>0.999994</gender_conf>
<race>Caucasian</race>
<race_conf>0.999862</race_conf>
<loyalty>high</loyalty>
<loyalty_conf>0.8</loyalty_conf>
</face>
<face>
<position>0.263542 0.171094 0.053125 0.104688</position>
<age>30-35</age>
<age_conf>0.93105</age_conf>
<gender>female</gender>
<gender_conf>0.999358</gender_conf>
<race>Caucasian</race>
<race_conf>0.999219</race_conf>
<loyalty>low</loyalty>
<loyalty_conf>0.733333333333</loyalty_conf>
</face>
</result>
