<?xml version="1.0" encoding="UTF-8"?>
<result>
<face>
<position>0.510938 0.276562 0.045312 0.086719</position>
<age>40-45</age>
<age_conf>0.520888</age_conf>
<gender>female</gender>
<gender_conf>0.999152</gender_conf>
<race>African</race>
<race_conf>0.704874</race_conf>
<loyalty>high</loyalty>
<loyalty_conf>0.5</loyalty_conf>
</face>
<face>
<position>0.358854 0.331250 0.038021 0.071875</position>
<age>35-40</age>
<age_conf>0.856645</age_conf>
<gender>female</gender>
<gender_conf>1.0</gender_conf>
<race>Hispanic</race>
<race_conf>0.862596</race_conf>
<loyalty>high</loyalty>
<loyalty_conf>0.466666666667</loyalty_conf>
</face>
<face>
<position>0.629167 0.324219 0.041146 0.069531</position>
<age>35-40</age>
<age_conf>0.652742</age_conf>
<gender>female</gender>
<gender_conf>0.995585</gender_conf>
<race>Caucasian</race>
<race_conf>0.997424</race_conf>
<loyalty>high</loyalty>
<loyalty_conf>0.9</loyalty_conf>
</face>
<face>
<position>0.274479 0.335156 0.034375 0.078125</position>
<age>20-25</age>
<age_conf>0.958463</age_conf>
<gender>female</gender>
<gender_conf>1.0</gender_conf>
<race>African</race>
<race_conf>0.978598</race_conf>
<loyalty>high</loyalty>
<loyalty_conf>0.566666666667</loyalty_conf>
</face>
<face>
<position>0.446875 0.329688 0.040104 0.074219</position>
<age>25-30</age>
<age_conf>0.576823</age_conf>
<gender>female</gender>
<gender_conf>0.51425</gender_conf>
<race>Caucasian</race>
<race_conf>0.883873</race_conf>
<loyalty>high</loyalty>
<loyalty_conf>0.733333333333</loyalty_conf>
</face>
</result>
