<?xml version="1.0" encoding="UTF-8"?>
<result>
<face>
<position>0.416146 0.139063 0.045312 0.087500</position>
<age>20-25</age>
<age_conf>0.898792</age_conf>
<gender>male</gender>
<gender_conf>0.999982</gender_conf>
<race>Caucasian</race>
<race_conf>0.89072</race_conf>
<loyalty>low</loyalty>
<loyalty_conf>0.966666666667</loyalty_conf>
</face>
<face>
<position>0.490104 0.226562 0.045312 0.089063</position>
<age>20-25</age>
<age_conf>0.846671</age_conf>
<gender>female</gender>
<gender_conf>1.0</gender_conf>
<race>Caucasian</race>
<race_conf>0.533427</race_conf>
<loyalty>high</loyalty>
<loyalty_conf>0.433333333333</loyalty_conf>
</face>
</result>
