<?xml version="1.0" encoding="UTF-8"?>
<result>
<face>
<position>0.606771 0.367969 0.042188 0.089063</position>
<age>20-25</age>
<age_conf>0.533184</age_conf>
<gender>female</gender>
<gender_conf>1.0</gender_conf>
<race>African</race>
<race_conf>0.767077</race_conf>
<loyalty>high</loyalty>
<loyalty_conf>0.666666666667</loyalty_conf>
</face>
<face>
<position>0.383333 0.405469 0.032292 0.067969</position>
<age>0-20</age>
<age_conf>0.999897</age_conf>
<gender>female</gender>
<gender_conf>0.99997</gender_conf>
<race>Caucasian</race>
<race_conf>0.986291</race_conf>
<loyalty>high</loyalty>
<loyalty_conf>0.7</loyalty_conf>
</face>
<face>
<position>0.343229 0.225781 0.044792 0.083594</position>
<age>30-35</age>
<age_conf>0.780526</age_conf>
<gender>female</gender>
<gender_conf>0.998863</gender_conf>
<race>Hispanic</race>
<race_conf>0.8607</race_conf>
<loyalty>high</loyalty>
<loyalty_conf>0.9</loyalty_conf>
</face>
<face>
<position>0.470313 0.439844 0.051042 0.095312</position>
<age>35-40</age>
<age_conf>0.688188</age_conf>
<gender>male</gender>
<gender_conf>0.882192</gender_conf>
<race>African</race>
<race_conf>0.98355</race_conf>
<loyalty>high</loyalty>
<loyalty_conf>0.633333333333</loyalty_conf>
</face>
</result>
