<?xml version="1.0" encoding="UTF-8"?>
<result>
<face>
<position>0.464583 0.225781 0.030729 0.065625</position>
<age>30-35</age>
<age_conf>0.988934</age_conf>
<gender>female</gender>
<gender_conf>0.999996</gender_conf>
<race>Hispanic</race>
<race_conf>0.950941</race_conf>
<loyalty>middle</loyalty>
<loyalty_conf>0.8</loyalty_conf>
</face>
<face>
<position>0.351042 0.189844 0.035417 0.071094</position>
<age>35-40</age>
<age_conf>0.663844</age_conf>
<gender>female</gender>
<gender_conf>0.999488</gender_conf>
<race>Caucasian</race>
<race_conf>0.955715</race_conf>
<loyalty>high</loyalty>
<loyalty_conf>0.733333333333</loyalty_conf>
</face>
<face>
<position>0.527604 0.197656 0.039062 0.086719</position>
<age>0-20</age>
<age_conf>0.598997</age_conf>
<gender>female</gender>
<gender_conf>0.997932</gender_conf>
<race>Asian</race>
<race_conf>0.374508</race_conf>
<loyalty>high</loyalty>
<loyalty_conf>0.833333333333</loyalty_conf>
</face>
<face>
<position>0.364583 0.212500 0.033333 0.065625</position>
<age>35-40</age>
<age_conf>0.781617</age_conf>
<gender>female</gender>
<gender_conf>0.999987</gender_conf>
<race>Caucasian</race>
<race_conf>0.842005</race_conf>
<loyalty>high</loyalty>
<loyalty_conf>0.266666666667</loyalty_conf>
</face>
<face>
<position>0.445833 0.225781 0.033854 0.076563</position>
<age>30-35</age>
<age_conf>0.594662</age_conf>
<gender>female</gender>
<gender_conf>0.560264</gender_conf>
<race>Caucasian</race>
<race_conf>0.980646</race_conf>
<loyalty>high</loyalty>
<loyalty_conf>0.9</loyalty_conf>
</face>
</result>
