<?xml version="1.0" encoding="UTF-8"?>
<result>
<face>
<position>0.435937 0.214062 0.047917 0.094531</position>
<age>30-35</age>
<age_conf>0.73629</age_conf>
<gender>female</gender>
<gender_conf>0.999989</gender_conf>
<race>Caucasian</race>
<race_conf>0.997788</race_conf>
<loyalty>middle</loyalty>
<loyalty_conf>0.8</loyalty_conf>
</face>
<face>
<position>0.292708 0.250781 0.056250 0.103906</position>
<age>35-40</age>
<age_conf>0.541618</age_conf>
<gender>female</gender>
<gender_conf>1.0</gender_conf>
<race>Caucasian</race>
<race_conf>0.9615</race_conf>
<loyalty>high</loyalty>
<loyalty_conf>0.466666666667</loyalty_conf>
</face>
<face>
<position>0.506250 0.278125 0.061458 0.110156</position>
<age>40-45</age>
<age_conf>0.865204</age_conf>
<gender>male</gender>
<gender_conf>0.996655</gender_conf>
<race>Caucasian</race>
<race_conf>0.907299</race_conf>
<loyalty>high</loyalty>
<loyalty_conf>0.366666666667</loyalty_conf>
</face>
</result>
