<?xml version="1.0" encoding="UTF-8"?>
<result>
<face>
<position>0.406250 0.249219 0.057292 0.110937</position>
<age>20-25</age>
<age_conf>0.898901</age_conf>
<gender>female</gender>
<gender_conf>0.999991</gender_conf>
<race>Caucasian</race>
<race_conf>0.995195</race_conf>
<loyalty>high</loyalty>
<loyalty_conf>0.8</loyalty_conf>
</face>
<face>
<position>0.488542 0.239844 0.052604 0.100781</position>
<age>35-40</age>
<age_conf>0.987605</age_conf>
<gender>female</gender>
<gender_conf>1.0</gender_conf>
<race>Hispanic</race>
<race_conf>0.918379</race_conf>
<loyalty>high</loyalty>
<loyalty_conf>0.866666666667</loyalty_conf>
</face>
</result>
