<?xml version="1.0" encoding="UTF-8"?>
<result>
<face>
<position>0.399479 0.423438 0.036458 0.069531</position>
<age>0-20</age>
<age_conf>0.999962</age_conf>
<gender>female</gender>
<gender_conf>0.999143</gender_conf>
<race>Caucasian</race>
<race_conf>0.992589</race_conf>
<loyalty>high</loyalty>
<loyalty_conf>0.633333333333</loyalty_conf>
</face>
<face>
<position>0.351042 0.242969 0.042708 0.074219</position>
<age>40-45</age>
<age_conf>0.60045</age_conf>
<gender>female</gender>
<gender_conf>0.889933</gender_conf>
<race>Caucasian</race>
<race_conf>0.899967</race_conf>
<loyalty>high</loyalty>
<loyalty_conf>0.9</loyalty_conf>
</face>
<face>
<position>0.380208 0.344531 0.038542 0.068750</position>
<age>0-20</age>
<age_conf>0.99994</age_conf>
<gender>female</gender>
<gender_conf>0.719585</gender_conf>
<race>Hispanic</race>
<race_conf>0.705018</race_conf>
<loyalty>high</loyalty>
<loyalty_conf>0.166666666667</loyalty_conf>
</face>
</result>
