<?xml version="1.0" encoding="UTF-8"?>
<result>
<face>
<position>0.246875 0.318750 0.043750 0.092188</position>
<age>40-45</age>
<age_conf>0.859451</age_conf>
<gender>female</gender>
<gender_conf>1.0</gender_conf>
<race>Caucasian</race>
<race_conf>0.982856</race_conf>
<loyalty>high</loyalty>
<loyalty_conf>0.833333333333</loyalty_conf>
</face>
<face>
<position>0.215625 0.292969 0.038021 0.076563</position>
<age>30-35</age>
<age_conf>0.701547</age_conf>
<gender>female</gender>
<gender_conf>0.999258</gender_conf>
<race>Caucasian</race>
<race_conf>0.994436</race_conf>
<loyalty>high</loyalty>
<loyalty_conf>0.833333333333</loyalty_conf>
</face>
<face>
<position>0.324479 0.271094 0.040104 0.075781</position>
<age>25-30</age>
<age_conf>0.704935</age_conf>
<gender>female</gender>
<gender_conf>0.68253</gender_conf>
<race>African</race>
<race_conf>0.932952</race_conf>
<loyalty>high</loyalty>
<loyalty_conf>0.9</loyalty_conf>
</face>
<face>
<position>0.192708 0.282031 0.036979 0.078906</position>
<age>25-30</age>
<age_conf>0.670171</age_conf>
<gender>male</gender>
<gender_conf>0.979721</gender_conf>
<race>Caucasian</race>
<race_conf>0.455105</race_conf>
<loyalty>high</loyalty>
<loyalty_conf>0.9</loyalty_conf>
</face>
</result>
