<?xml version="1.0" encoding="UTF-8"?>
<result>
<face>
<position>0.706771 0.283594 0.039583 0.078125</position>
<age>0-20</age>
<age_conf>0.765219</age_conf>
<gender>female</gender>
<gender_conf>0.999878</gender_conf>
<race>Caucasian</race>
<race_conf>0.991476</race_conf>
<loyalty>high</loyalty>
<loyalty_conf>0.7</loyalty_conf>
</face>
<face>
<position>0.478646 0.275781 0.046354 0.082812</position>
<age>0-20</age>
<age_conf>0.999992</age_conf>
<gender>female</gender>
<gender_conf>0.996697</gender_conf>
<race>Caucasian</race>
<race_conf>0.998104</race_conf>
<loyalty>high</loyalty>
<loyalty_conf>0.766666666667</loyalty_conf>
</face>
<face>
<position>0.397396 0.322656 0.040625 0.081250</position>
<age>20-25</age>
<age_conf>0.86816</age_conf>
<gender>female</gender>
<gender_conf>0.999358</gender_conf>
<race>Hispanic</race>
<race_conf>0.871232</race_conf>
<loyalty>high</loyalty>
<loyalty_conf>0.6</loyalty_conf>
</face>
<face>
<position>0.548958 0.226562 0.035417 0.071875</position>
<age>20-25</age>
<age_conf>0.914547</age_conf>
<gender>female</gender>
<gender_conf>0.999985</gender_conf>
<race>Hispanic</race>
<race_conf>0.755141</race_conf>
<loyalty>high</loyalty>
<loyalty_conf>0.366666666667</loyalty_conf>
</face>
<face>
<position>0.323958 0.182812 0.032292 0.063281</position>
<age>0-20</age>
<age_conf>0.679129</age_conf>
<gender>female</gender>
<gender_conf>0.999458</gender_conf>
<race>Caucasian</race>
<race_conf>0.918168</race_conf>
<loyalty>high</loyalty>
<loyalty_conf>0.666666666667</loyalty_conf>
</face>
<face>
<position>0.879167 0.285938 0.042188 0.089844</position>
<age>40-45</age>
<age_conf>0.706742</age_conf>
<gender>female</gender>
<gender_conf>0.999996</gender_conf>
<race>Caucasian</race>
<race_conf>0.860099</race_conf>
<loyalty>high</loyalty>
<loyalty_conf>0.866666666667</loyalty_conf>
</face>
<face>
<position>0.225521 0.239844 0.041146 0.092188</position>
<age>40-45</age>
<age_conf>0.585723</age_conf>
<gender>female</gender>
<gender_conf>0.999934</gender_conf>
<race>Asian</race>
<race_conf>0.742835</race_conf>
<loyalty>high</loyalty>
<loyalty_conf>0.833333333333</loyalty_conf>
</face>
<face>
<position>0.130208 0.260937 0.039583 0.074219</position>
<age>40-45</age>
<age_conf>0.925202</age_conf>
<gender>female</gender>
<gender_conf>1.0</gender_conf>
<race>Caucasian</race>
<race_conf>0.99957</race_conf>
<loyalty>middle</loyalty>
<loyalty_conf>0.15</loyalty_conf>
</face>
<face>
<position>0.780729 0.353125 0.045833 0.089063</position>
<age>35-40</age>
<age_conf>0.797979</age_conf>
<gender>female</gender>
<gender_conf>0.999983</gender_conf>
<race>Caucasian</race>
<race_conf>0.995752</race_conf>
<loyalty>high</loyalty>
<loyalty_conf>0.5</loyalty_conf>
</face>
<face>
<position>0.603125 0.280469 0.047917 0.098437</position>
<age>35-40</age>
<age_conf>0.663961</age_conf>
<gender>female</gender>
<gender_conf>0.999668</gender_conf>
<race>Caucasian</race>
<race_conf>0.831637</race_conf>
<loyalty>middle</loyalty>
<loyalty_conf>0.75</loyalty_conf>
</face>
<face>
<position>0.646875 0.231250 0.038021 0.073438</position>
<age>20-25</age>
<age_conf>0.7802</age_conf>
<gender>male</gender>
<gender_conf>0.757796</gender_conf>
<race>African</race>
<race_conf>0.402548</race_conf>
<loyalty>high</loyalty>
<loyalty_conf>0.433333333333</loyalty_conf>
</face>
<face>
<position>0.345833 0.263281 0.040625 0.077344</position>
<age>30-35</age>
<age_conf>0.603668</age_conf>
<gender>female</gender>
<gender_conf>0.998172</gender_conf>
<race>Caucasian</race>
<race_conf>0.986264</race_conf>
<loyalty>low</loyalty>
<loyalty_conf>0.733333333333</loyalty_conf>
</face>
<face>
<position>0.270833 0.278125 0.048438 0.103125</position>
<age>45-50</age>
<age_conf>0.759983</age_conf>
<gender>female</gender>
<gender_conf>0.999998</gender_conf>
<race>Caucasian</race>
<race_conf>0.999761</race_conf>
<loyalty>high</loyalty>
<loyalty_conf>0.733333333333</loyalty_conf>
</face>
<face>
<position>0.459375 0.182812 0.042708 0.099219</position>
<age>30-35</age>
<age_conf>0.789148</age_conf>
<gender>female</gender>
<gender_conf>0.593322</gender_conf>
<race>Asian</race>
<race_conf>0.58248</race_conf>
<loyalty>high</loyalty>
<loyalty_conf>0.866666666667</loyalty_conf>
</face>
<face>
<position>0.415625 0.217969 0.033333 0.065625</position>
<age>40-45</age>
<age_conf>0.81558</age_conf>
<gender>female</gender>
<gender_conf>0.996943</gender_conf>
<race>Caucasian</race>
<race_conf>0.474935</race_conf>
<loyalty>high</loyalty>
<loyalty_conf>0.833333333333</loyalty_conf>
</face>
</result>
