<?xml version="1.0" encoding="UTF-8"?>
<result>
<face>
<position>0.398438 0.296875 0.042708 0.091406</position>
<age>0-20</age>
<age_conf>0.878131</age_conf>
<gender>female</gender>
<gender_conf>0.998411</gender_conf>
<race>Caucasian</race>
<race_conf>0.925243</race_conf>
<loyalty>high</loyalty>
<loyalty_conf>0.6</loyalty_conf>
</face>
<face>
<position>0.334375 0.271875 0.041146 0.085156</position>
<age>20-25</age>
<age_conf>0.839055</age_conf>
<gender>female</gender>
<gender_conf>0.999287</gender_conf>
<race>Caucasian</race>
<race_conf>0.988033</race_conf>
<loyalty>high</loyalty>
<loyalty_conf>0.3</loyalty_conf>
</face>
</result>
