<?xml version="1.0" encoding="UTF-8"?>
<result>
<face>
<position>0.427604 0.250781 0.035937 0.060156</position>
<age>20-25</age>
<age_conf>0.30388</age_conf>
<gender>female</gender>
<gender_conf>0.999141</gender_conf>
<race>Caucasian</race>
<race_conf>0.990135</race_conf>
<loyalty>high</loyalty>
<loyalty_conf>0.533333333333</loyalty_conf>
</face>
<face>
<position>0.376042 0.325781 0.036458 0.064844</position>
<age>35-40</age>
<age_conf>0.671302</age_conf>
<gender>female</gender>
<gender_conf>0.984166</gender_conf>
<race>Caucasian</race>
<race_conf>0.983039</race_conf>
<loyalty>high</loyalty>
<loyalty_conf>0.866666666667</loyalty_conf>
</face>
</result>
