<?xml version="1.0" encoding="UTF-8"?>
<result>
<face>
<position>0.416667 0.338281 0.041667 0.091406</position>
<age>0-20</age>
<age_conf>0.998896</age_conf>
<gender>female</gender>
<gender_conf>0.999996</gender_conf>
<race>African</race>
<race_conf>0.995117</race_conf>
<loyalty>middle</loyalty>
<loyalty_conf>0.1</loyalty_conf>
</face>
<face>
<position>0.742708 0.342187 0.046354 0.096875</position>
<age>35-40</age>
<age_conf>0.854734</age_conf>
<gender>female</gender>
<gender_conf>0.999986</gender_conf>
<race>Caucasian</race>
<race_conf>0.999942</race_conf>
<loyalty>middle</loyalty>
<loyalty_conf>0.0</loyalty_conf>
</face>
<face>
<position>0.621354 0.332813 0.042708 0.078906</position>
<age>30-35</age>
<age_conf>0.910991</age_conf>
<gender>female</gender>
<gender_conf>0.999943</gender_conf>
<race>Caucasian</race>
<race_conf>0.886173</race_conf>
<loyalty>low</loyalty>
<loyalty_conf>0.666666666667</loyalty_conf>
</face>
<face>
<position>0.290104 0.295312 0.040625 0.075781</position>
<age>20-25</age>
<age_conf>0.874054</age_conf>
<gender>female</gender>
<gender_conf>0.999653</gender_conf>
<race>African</race>
<race_conf>0.98768</race_conf>
<loyalty>high</loyalty>
<loyalty_conf>0.833333333333</loyalty_conf>
</face>
</result>
