<?xml version="1.0" encoding="UTF-8"?>
<result>
<face>
<position>0.417187 0.271094 0.041146 0.086719</position>
<age>20-25</age>
<age_conf>0.899693</age_conf>
<gender>female</gender>
<gender_conf>0.999998</gender_conf>
<race>Hispanic</race>
<race_conf>0.896181</race_conf>
<loyalty>high</loyalty>
<loyalty_conf>0.866666666667</loyalty_conf>
</face>
<face>
<position>0.318229 0.273438 0.046875 0.083594</position>
<age>30-35</age>
<age_conf>0.444532</age_conf>
<gender>male</gender>
<gender_conf>0.997311</gender_conf>
<race>Asian</race>
<race_conf>0.842829</race_conf>
<loyalty>low</loyalty>
<loyalty_conf>0.966666666667</loyalty_conf>
</face>
</result>
