<?xml version="1.0" encoding="UTF-8"?>
<result>
<face>
<position>0.422396 0.254688 0.043750 0.083594</position>
<age>35-40</age>
<age_conf>0.946972</age_conf>
<gender>female</gender>
<gender_conf>1.0</gender_conf>
<race>Caucasian</race>
<race_conf>0.981935</race_conf>
<loyalty>high</loyalty>
<loyalty_conf>0.533333333333</loyalty_conf>
</face>
<face>
<position>0.512500 0.312500 0.042188 0.078125</position>
<age>0-20</age>
<age_conf>0.944164</age_conf>
<gender>female</gender>
<gender_conf>1.0</gender_conf>
<race>Hispanic</race>
<race_conf>0.592306</race_conf>
<loyalty>middle</loyalty>
<loyalty_conf>0.65</loyalty_conf>
</face>
</result>
