<?xml version="1.0" encoding="UTF-8"?>
<result>
<face>
<position>0.579688 0.299219 0.044792 0.092969</position>
<age>35-40</age>
<age_conf>0.576805</age_conf>
<gender>female</gender>
<gender_conf>0.999979</gender_conf>
<race>Caucasian</race>
<race_conf>0.984591</race_conf>
<loyalty>high</loyalty>
<loyalty_conf>0.366666666667</loyalty_conf>
</face>
<face>
<position>0.505208 0.389844 0.048438 0.096094</position>
<age>0-20</age>
<age_conf>0.972161</age_conf>
<gender>female</gender>
<gender_conf>0.988879</gender_conf>
<race>African</race>
<race_conf>0.992748</race_conf>
<loyalty>high</loyalty>
<loyalty_conf>0.366666666667</loyalty_conf>
</face>
<face>
<position>0.375000 0.260937 0.042188 0.087500</position>
<age>25-30</age>
<age_conf>0.729914</age_conf>
<gender>male</gender>
<gender_conf>0.998311</gender_conf>
<race>Caucasian</race>
<race_conf>0.998706</race_conf>
<loyalty>high</loyalty>
<loyalty_conf>0.833333333333</loyalty_conf>
</face>
<face>
<position>0.547396 0.491406 0.043750 0.089063</position>
<age>30-35</age>
<age_conf>0.49407</age_conf>
<gender>female</gender>
<gender_conf>0.999634</gender_conf>
<race>Asian</race>
<race_conf>0.74795</race_conf>
<loyalty>high</loyalty>
<loyalty_conf>0.166666666667</loyalty_conf>
</face>
<face>
<position>0.432292 0.287500 0.034375 0.068750</position>
<age>0-20</age>
<age_conf>0.999519</age_conf>
<gender>male</gender>
<gender_conf>0.9864</gender_conf>
<race>Caucasian</race>
<race_conf>0.980298</race_conf>
<loyalty>high</loyalty>
<loyalty_conf>0.866666666667</loyalty_conf>
</face>
<face>
<position>0.397396 0.283594 0.040625 0.071875</position>
<age>30-35</age>
<age_conf>0.52193</age_conf>
<gender>male</gender>
<gender_conf>0.999912</gender_conf>
<race>Caucasian</race>
<race_conf>0.917446</race_conf>
<loyalty>high</loyalty>
<loyalty_conf>0.766666666667</loyalty_conf>
</face>
</result>
