<?xml version="1.0" encoding="UTF-8"?>
<result>
<face>
<position>0.512500 0.326562 0.045833 0.086719</position>
<age>35-40</age>
<age_conf>0.572062</age_conf>
<gender>female</gender>
<gender_conf>0.999233</gender_conf>
<race>Caucasian</race>
<race_conf>0.941658</race_conf>
<loyalty>high</loyalty>
<loyalty_conf>0.6</loyalty_conf>
</face>
<face>
<position>0.371354 0.296875 0.041667 0.080469</position>
<age>40-45</age>
<age_conf>0.892742</age_conf>
<gender>female</gender>
<gender_conf>0.992457</gender_conf>
<race>African</race>
<race_conf>0.665601</race_conf>
<loyalty>high</loyalty>
<loyalty_conf>0.9</loyalty_conf>
</face>
<face>
<position>0.454167 0.336719 0.032813 0.064844</position>
<age>30-35</age>
<age_conf>0.704046</age_conf>
<gender>female</gender>
<gender_conf>0.999993</gender_conf>
<race>Hispanic</race>
<race_conf>0.763303</race_conf>
<loyalty>low</loyalty>
<loyalty_conf>0.933333333333</loyalty_conf>
</face>
</result>
