<?xml version="1.0" encoding="UTF-8"?>
<result>
<face>
<position>0.321354 0.287500 0.034896 0.065625</position>
<age>20-25</age>
<age_conf>0.437855</age_conf>
<gender>female</gender>
<gender_conf>0.999982</gender_conf>
<race>Asian</race>
<race_conf>0.663505</race_conf>
<loyalty>middle</loyalty>
<loyalty_conf>0.25</loyalty_conf>
</face>
<face>
<position>0.257292 0.277344 0.034896 0.064062</position>
<age>0-20</age>
<age_conf>0.991078</age_conf>
<gender>female</gender>
<gender_conf>0.999999</gender_conf>
<race>Caucasian</race>
<race_conf>0.944478</race_conf>
<loyalty>middle</loyalty>
<loyalty_conf>0.1</loyalty_conf>
</face>
<face>
<position>0.247396 0.300000 0.033333 0.064844</position>
<age>45-50</age>
<age_conf>0.358649</age_conf>
<gender>male</gender>
<gender_conf>0.988591</gender_conf>
<race>African</race>
<race_conf>0.898794</race_conf>
<loyalty>high</loyalty>
<loyalty_conf>0.9</loyalty_conf>
</face>
</result>
