<?xml version="1.0" encoding="UTF-8"?>
<result>
<face>
<position>0.469271 0.246094 0.037500 0.077344</position>
<age>35-40</age>
<age_conf>0.963281</age_conf>
<gender>female</gender>
<gender_conf>1.0</gender_conf>
<race>Caucasian</race>
<race_conf>0.999937</race_conf>
<loyalty>low</loyalty>
<loyalty_conf>0.0666666666667</loyalty_conf>
</face>
<face>
<position>0.388542 0.261719 0.038021 0.066406</position>
<age>20-25</age>
<age_conf>0.817968</age_conf>
<gender>female</gender>
<gender_conf>1.0</gender_conf>
<race>Caucasian</race>
<race_conf>0.893823</race_conf>
<loyalty>high</loyalty>
<loyalty_conf>0.533333333333</loyalty_conf>
</face>
<face>
<position>0.534375 0.262500 0.030729 0.060937</position>
<age>30-35</age>
<age_conf>0.504501</age_conf>
<gender>female</gender>
<gender_conf>1.0</gender_conf>
<race>Caucasian</race>
<race_conf>0.576645</race_conf>
<loyalty>high</loyalty>
<loyalty_conf>0.666666666667</loyalty_conf>
</face>
</result>
