<?xml version="1.0" encoding="UTF-8"?>
<result>
<face>
<position>0.318750 0.237500 0.046875 0.091406</position>
<age>35-40</age>
<age_conf>0.98845</age_conf>
<gender>female</gender>
<gender_conf>0.999999</gender_conf>
<race>Caucasian</race>
<race_conf>0.996881</race_conf>
<loyalty>low</loyalty>
<loyalty_conf>0.966666666667</loyalty_conf>
</face>
<face>
<position>0.455208 0.291406 0.041667 0.088281</position>
<age>35-40</age>
<age_conf>0.949531</age_conf>
<gender>female</gender>
<gender_conf>0.999942</gender_conf>
<race>Hispanic</race>
<race_conf>0.687551</race_conf>
<loyalty>high</loyalty>
<loyalty_conf>0.2</loyalty_conf>
</face>
</result>
