<?xml version="1.0" encoding="UTF-8"?>
<result>
<face>
<position>0.718229 0.282031 0.045312 0.087500</position>
<age>20-25</age>
<age_conf>0.927979</age_conf>
<gender>female</gender>
<gender_conf>0.999999</gender_conf>
<race>Hispanic</race>
<race_conf>0.921216</race_conf>
<loyalty>high</loyalty>
<loyalty_conf>0.8</loyalty_conf>
</face>
<face>
<position>0.356771 0.219531 0.040625 0.080469</position>
<age>35-40</age>
<age_conf>0.703379</age_conf>
<gender>female</gender>
<gender_conf>0.598844</gender_conf>
<race>Hispanic</race>
<race_conf>0.667224</race_conf>
<loyalty>high</loyalty>
<loyalty_conf>0.966666666667</loyalty_conf>
</face>
</result>
