<?xml version="1.0" encoding="UTF-8"?>
<result>
<face>
<position>0.437500 0.303906 0.048438 0.098437</position>
<age>35-40</age>
<age_conf>0.486382</age_conf>
<gender>female</gender>
<gender_conf>0.99999</gender_conf>
<race>African</race>
<race_conf>0.999384</race_conf>
<loyalty>high</loyalty>
<loyalty_conf>0.433333333333</loyalty_conf>
</face>
<face>
<position>0.374479 0.203125 0.044271 0.084375</position>
<age>30-35</age>
<age_conf>0.975239</age_conf>
<gender>male</gender>
<gender_conf>0.808383</gender_conf>
<race>Caucasian</race>
<race_conf>0.998998</race_conf>
<loyalty>low</loyalty>
<loyalty_conf>0.933333333333</loyalty_conf>
</face>
</result>
