<?xml version="1.0" encoding="UTF-8"?>
<result>
<face>
<position>0.443750 0.280469 0.033333 0.067187</position>
<age>40-45</age>
<age_conf>0.964197</age_conf>
<gender>female</gender>
<gender_conf>0.999642</gender_conf>
<race>Caucasian</race>
<race_conf>0.580565</race_conf>
<loyalty>middle</loyalty>
<loyalty_conf>0.05</loyalty_conf>
</face>
<face>
<position>0.355729 0.239844 0.034375 0.065625</position>
<age>20-25</age>
<age_conf>0.686518</age_conf>
<gender>male</gender>
<gender_conf>0.630159</gender_conf>
<race>African</race>
<race_conf>0.948783</race_conf>
<loyalty>high</loyalty>
<loyalty_conf>1.0</loyalty_conf>
</face>
</result>
