<?xml version="1.0" encoding="UTF-8"?>
<result>
<face>
<position>0.217708 0.352344 0.029167 0.057031</position>
<age>30-35</age>
<age_conf>0.805853</age_conf>
<gender>female</gender>
<gender_conf>0.999988</gender_conf>
<race>Asian</race>
<race_conf>0.999869</race_conf>
<loyalty>low</loyalty>
<loyalty_conf>0.966666666667</loyalty_conf>
</face>
<face>
<position>0.297396 0.348438 0.042708 0.084375</position>
<age>35-40</age>
<age_conf>0.783002</age_conf>
<gender>female</gender>
<gender_conf>0.999226</gender_conf>
<race>Asian</race>
<race_conf>0.967074</race_conf>
<loyalty>low</loyalty>
<loyalty_conf>0.233333333333</loyalty_conf>
</face>
<face>
<position>0.395833 0.317969 0.043750 0.089063</position>
<age>45-50</age>
<age_conf>0.682334</age_conf>
<gender>female</gender>
<gender_conf>0.999999</gender_conf>
<race>African</race>
<race_conf>0.587104</race_conf>
<loyalty>high</loyalty>
<loyalty_conf>0.533333333333</loyalty_conf>
</face>
<face>
<position>0.691667 0.301563 0.042708 0.078125</position>
<age>40-45</age>
<age_conf>0.886389</age_conf>
<gender>female</gender>
<gender_conf>0.999142</gender_conf>
<race>African</race>
<race_conf>0.664867</race_conf>
<loyalty>low</loyalty>
<loyalty_conf>0.966666666667</loyalty_conf>
</face>
<face>
<position>0.716146 0.302344 0.033854 0.068750</position>
<age>35-40</age>
<age_conf>0.761734</age_conf>
<gender>male</gender>
<gender_conf>0.972964</gender_conf>
<race>Caucasian</race>
<race_conf>0.346826</race_conf>
<loyalty>high</loyalty>
<loyalty_conf>0.866666666667</loyalty_conf>
</face>
</result>
