<?xml version="1.0" encoding="UTF-8"?>
<result>
<face>
<position>0.434375 0.181250 0.045312 0.089063</position>
<age>0-20</age>
<age_conf>0.999997</age_conf>
<gender>male</gender>
<gender_conf>0.999863</gender_conf>
<race>Hispanic</race>
<race_conf>0.939589</race_conf>
<loyalty>middle</loyalty>
<loyalty_conf>0.45</loyalty_conf>
</face>
<face>
<position>0.632812 0.175781 0.045833 0.092188</position>
<age>25-30</age>
<age_conf>0.47588</age_conf>
<gender>male</gender>
<gender_conf>0.999259</gender_conf>
<race>African</race>
<race_conf>0.992823</race_conf>
<loyalty>high</loyalty>
<loyalty_conf>0.566666666667</loyalty_conf>
</face>
<face>
<position>0.263021 0.212500 0.038542 0.073438</position>
<age>20-25</age>
<age_conf>0.905116</age_conf>
<gender>male</gender>
<gender_conf>0.988195</gender_conf>
<race>Asian</race>
<race_conf>0.669753</race_conf>
<loyalty>middle</loyalty>
<loyalty_conf>0.45</loyalty_conf>
</face>
<face>
<position>0.318750 0.394531 0.045833 0.092969</position>
<age>40-45</age>
<age_conf>0.627292</age_conf>
<gender>female</gender>
<gender_conf>0.877064</gender_conf>
<race>African</race>
<race_conf>0.989959</race_conf>
<loyalty>high</loyalty>
<loyalty_conf>0.7</loyalty_conf>
</face>
</result>
