<?xml version="1.0" encoding="UTF-8"?>
<result>
<face>
<position>0.478646 0.366406 0.045312 0.082812</position>
<age>0-20</age>
<age_conf>0.987819</age_conf>
<gender>female</gender>
<gender_conf>0.99997</gender_conf>
<race>African</race>
<race_conf>0.983224</race_conf>
<loyalty>high</loyalty>
<loyalty_conf>0.733333333333</loyalty_conf>
</face>
<face>
<position>0.383333 0.352344 0.037500 0.073438</position>
<age>20-25</age>
<age_conf>0.879954</age_conf>
<gender>female</gender>
<gender_conf>0.823599</gender_conf>
<race>African</race>
<race_conf>0.801709</race_conf>
<loyalty>high</loyalty>
<loyalty_conf>0.433333333333</loyalty_conf>
</face>
<face>
<position>0.344792 0.227344 0.037500 0.074219</position>
<age>40-45</age>
<age_conf>0.819046</age_conf>
<gender>female</gender>
<gender_conf>0.978649</gender_conf>
<race>Caucasian</race>
<race_conf>0.659216</race_conf>
<loyalty>high</loyalty>
<loyalty_conf>1.0</loyalty_conf>
</face>
</result>
