<?xml version="1.0" encoding="UTF-8"?>
<result>
<face>
<position>0.525000 0.158594 0.043229 0.087500</position>
<age>20-25</age>
<age_conf>0.988574</age_conf>
<gender>male</gender>
<gender_conf>1.0</gender_conf>
<race>Hispanic</race>
<race_conf>0.988373</race_conf>
<loyalty>high</loyalty>
<loyalty_conf>0.466666666667</loyalty_conf>
</face>
<face>
<position>0.487500 0.405469 0.039062 0.075000</position>
<age>25-30</age>
<age_conf>0.415772</age_conf>
<gender>female</gender>
<gender_conf>0.99965</gender_conf>
<race>African</race>
<race_conf>0.824447</race_conf>
<loyalty>high</loyalty>
<loyalty_conf>0.666666666667</loyalty_conf>
</face>
<face>
<position>0.461458 0.257812 0.039062 0.073438</position>
<age>25-30</age>
<age_conf>0.745239</age_conf>
<gender>female</gender>
<gender_conf>0.999601</gender_conf>
<race>Hispanic</race>
<race_conf>0.978884</race_conf>
<loyalty>high</loyalty>
<loyalty_conf>0.666666666667</loyalty_conf>
</face>
<face>
<position>0.419792 0.417187 0.047917 0.096094</position>
<age>0-20</age>
<age_conf>0.994644</age_conf>
<gender>female</gender>
<gender_conf>0.996819</gender_conf>
<race>African</race>
<race_conf>0.995673</race_conf>
<loyalty>high</loyalty>
<loyalty_conf>0.666666666667</loyalty_conf>
</face>
</result>
