<?xml version="1.0" encoding="UTF-8"?>
<result>
<face>
<position>0.291667 0.271094 0.042708 0.087500</position>
<age>40-45</age>
<age_conf>0.955783</age_conf>
<gender>female</gender>
<gender_conf>0.998432</gender_conf>
<race>Hispanic</race>
<race_conf>0.739134</race_conf>
<loyalty>middle</loyalty>
<loyalty_conf>0.75</loyalty_conf>
</face>
<face>
<position>0.382292 0.253906 0.035937 0.067187</position>
<age>20-25</age>
<age_conf>0.589336</age_conf>
<gender>female</gender>
<gender_conf>0.955102</gender_conf>
<race>Hispanic</race>
<race_conf>0.710166</race_conf>
<loyalty>high</loyalty>
<loyalty_conf>1.0</loyalty_conf>
</face>
</result>
