<?xml version="1.0" encoding="UTF-8"?>
<result>
<face>
<position>0.360938 0.346875 0.041667 0.091406</position>
<age>40-45</age>
<age_conf>0.513861</age_conf>
<gender>female</gender>
<gender_conf>0.995576</gender_conf>
<race>Caucasian</race>
<race_conf>0.958371</race_conf>
<loyalty>middle</loyalty>
<loyalty_conf>0.75</loyalty_conf>
</face>
<face>
<position>0.279167 0.414062 0.051562 0.097656</position>
<age>0-20</age>
<age_conf>0.96103</age_conf>
<gender>female</gender>
<gender_conf>0.99646</gender_conf>
<race>African</race>
<race_conf>0.589874</race_conf>
<loyalty>high</loyalty>
<loyalty_conf>0.666666666667</loyalty_conf>
</face>
</result>
