<?xml version="1.0" encoding="UTF-8"?>
<result>
<face>
<position>0.686979 0.278125 0.048438 0.092969</position>
<age>0-20</age>
<age_conf>0.55883</age_conf>
<gender>female</gender>
<gender_conf>0.999999</gender_conf>
<race>Hispanic</race>
<race_conf>0.697433</race_conf>
<loyalty>high</loyalty>
<loyalty_conf>0.9</loyalty_conf>
</face>
<face>
<position>0.793229 0.284375 0.050000 0.090625</position>
<age>25-30</age>
<age_conf>0.975419</age_conf>
<gender>male</gender>
<gender_conf>0.999997</gender_conf>
<race>Caucasian</race>
<race_conf>0.990398</race_conf>
<loyalty>low</loyalty>
<loyalty_conf>0.966666666667</loyalty_conf>
</face>
</result>
