<?xml version="1.0" encoding="UTF-8"?>
<result>
<face>
<position>0.271354 0.389844 0.054167 0.106250</position>
<age>0-20</age>
<age_conf>0.884751</age_conf>
<gender>female</gender>
<gender_conf>0.726973</gender_conf>
<race>African</race>
<race_conf>0.992889</race_conf>
<loyalty>high</loyalty>
<loyalty_conf>0.533333333333</loyalty_conf>
</face>
<face>
<position>0.352083 0.246875 0.043750 0.090625</position>
<age>20-25</age>
<age_conf>0.904057</age_conf>
<gender>female</gender>
<gender_conf>1.0</gender_conf>
<race>Hispanic</race>
<race_conf>0.858308</race_conf>
<loyalty>high</loyalty>
<loyalty_conf>0.766666666667</loyalty_conf>
</face>
</result>
