<?xml version="1.0" encoding="UTF-8"?>
<result>
<face>
<position>0.244271 0.504687 0.045312 0.084375</position>
<age>20-25</age>
<age_conf>0.962526</age_conf>
<gender>female</gender>
<gender_conf>0.697304</gender_conf>
<race>Caucasian</race>
<race_conf>0.952449</race_conf>
<loyalty>high</loyalty>
<loyalty_conf>0.733333333333</loyalty_conf>
</face>
<face>
<position>0.531771 0.551562 0.046354 0.093750</position>
<age>35-40</age>
<age_conf>0.518429</age_conf>
<gender>male</gender>
<gender_conf>0.987816</gender_conf>
<race>Caucasian</race>
<race_conf>0.999827</race_conf>
<loyalty>high</loyalty>
<loyalty_conf>0.733333333333</loyalty_conf>
</face>
<face>
<position>0.419271 0.562500 0.040104 0.076563</position>
<age>0-20</age>
<age_conf>0.999622</age_conf>
<gender>male</gender>
<gender_conf>0.996087</gender_conf>
<race>Caucasian</race>
<race_conf>0.99988</race_conf>
<loyalty>high</loyalty>
<loyalty_conf>0.866666666667</loyalty_conf>
</face>
<face>
<position>0.392708 0.260937 0.038542 0.066406</position>
<age>40-45</age>
<age_conf>0.883833</age_conf>
<gender>female</gender>
<gender_conf>0.959543</gender_conf>
<race>Caucasian</race>
<race_conf>0.829034</race_conf>
<loyalty>high</loyalty>
<loyalty_conf>1.0</loyalty_conf>
</face>
</result>
