<?xml version="1.0" encoding="UTF-8"?>
<result>
<face>
<position>0.695833 0.267188 0.044271 0.089844</position>
<age>0-20</age>
<age_conf>0.996988</age_conf>
<gender>male</gender>
<gender_conf>0.999797</gender_conf>
<race>Hispanic</race>
<race_conf>0.934183</race_conf>
<loyalty>high</loyalty>
<loyalty_conf>0.666666666667</loyalty_conf>
</face>
<face>
<position>0.418229 0.332031 0.042188 0.085156</position>
<age>0-20</age>
<age_conf>0.99998</age_conf>
<gender>female</gender>
<gender_conf>1.0</gender_conf>
<race>Hispanic</race>
<race_conf>0.840919</race_conf>
<loyalty>high</loyalty>
<loyalty_conf>0.566666666667</loyalty_conf>
</face>
<face>
<position>0.450521 0.601562 0.037500 0.084375</position>
<age>40-45</age>
<age_conf>0.592078</age_conf>
<gender>female</gender>
<gender_conf>0.9982</gender_conf>
<race>African</race>
<race_conf>0.998925</race_conf>
<loyalty>high</loyalty>
<loyalty_conf>0.766666666667</loyalty_conf>
</face>
<face>
<position>0.560417 0.513281 0.044271 0.089844</position>
<age>0-20</age>
<age_conf>0.999969</age_conf>
<gender>female</gender>
<gender_conf>0.94935</gender_conf>
<race>African</race>
<race_conf>0.974546</race_conf>
<loyalty>high</loyalty>
<loyalty_conf>0.733333333333</loyalty_conf>
</face>
<face>
<position>0.644792 0.310156 0.032292 0.057031</position>
<age>0-20</age>
<age_conf>0.999391</age_conf>
<gender>male</gender>
<gender_conf>0.947001</gender_conf>
<race>African</race>
<race_conf>0.526419</race_conf>
<loyalty>high</loyalty>
<loyalty_conf>1.0</loyalty_conf>
</face>
<face>
<position>0.272396 0.284375 0.044792 0.076563</position>
<age>20-25</age>
<age_conf>0.939379</age_conf>
<gender>female</gender>
<gender_conf>0.835159</gender_conf>
<race>Hispanic</race>
<race_conf>0.754434</race_conf>
<loyalty>high</loyalty>
<loyalty_conf>1.0</loyalty_conf>
</face>
</result>
