<?xml version="1.0" encoding="UTF-8"?>
<result>
<face>
<position>0.476562 0.328125 0.046354 0.089063</position>
<age>50-55</age>
<age_conf>0.820773</age_conf>
<gender>female</gender>
<gender_conf>1.0</gender_conf>
<race>Hispanic</race>
<race_conf>0.869929</race_conf>
<loyalty>high</loyalty>
<loyalty_conf>0.766666666667</loyalty_conf>
</face>
<face>
<position>0.400521 0.277344 0.038021 0.079687</position>
<age>30-35</age>
<age_conf>0.435046</age_conf>
<gender>female</gender>
<gender_conf>0.999989</gender_conf>
<race>Caucasian</race>
<race_conf>0.854532</race_conf>
<loyalty>high</loyalty>
<loyalty_conf>0.733333333333</loyalty_conf>
</face>
</result>
