<?xml version="1.0" encoding="UTF-8"?>
<result>
<face>
<position>0.508333 0.314063 0.041667 0.077344</position>
<age>35-40</age>
<age_conf>0.859683</age_conf>
<gender>female</gender>
<gender_conf>1.0</gender_conf>
<race>Caucasian</race>
<race_conf>0.994032</race_conf>
<loyalty>low</loyalty>
<loyalty_conf>0.933333333333</loyalty_conf>
</face>
<face>
<position>0.341146 0.285938 0.036458 0.060156</position>
<age>30-35</age>
<age_conf>0.424202</age_conf>
<gender>female</gender>
<gender_conf>0.999724</gender_conf>
<race>Caucasian</race>
<race_conf>0.999684</race_conf>
<loyalty>high</loyalty>
<loyalty_conf>1.0</loyalty_conf>
</face>
</result>
