<?xml version="1.0" encoding="UTF-8"?>
<result>
<face>
<position>0.341146 0.260156 0.044792 0.093750</position>
<age>20-25</age>
<age_conf>0.940844</age_conf>
<gender>female</gender>
<gender_conf>0.999775</gender_conf>
<race>Caucasian</race>
<race_conf>0.969613</race_conf>
<loyalty>high</loyalty>
<loyalty_conf>0.566666666667</loyalty_conf>
</face>
<face>
<position>0.403646 0.297656 0.036979 0.071094</position>
<age>35-40</age>
<age_conf>0.595407</age_conf>
<gender>female</gender>
<gender_conf>0.99994</gender_conf>
<race>Hispanic</race>
<race_conf>0.496008</race_conf>
<loyalty>high</loyalty>
<loyalty_conf>0.766666666667</loyalty_conf>
</face>
</result>
