<?xml version="1.0" encoding="UTF-8"?>
<result>
<face>
<position>0.426042 0.268750 0.035937 0.072656</position>
<age>0-20</age>
<age_conf>0.996903</age_conf>
<gender>female</gender>
<gender_conf>0.999995</gender_conf>
<race>Caucasian</race>
<race_conf>0.997474</race_conf>
<loyalty>high</loyalty>
<loyalty_conf>0.266666666667</loyalty_conf>
</face>
<face>
<position>0.503646 0.263281 0.046875 0.092969</position>
<age>0-20</age>
<age_conf>0.999995</age_conf>
<gender>female</gender>
<gender_conf>0.934998</gender_conf>
<race>Caucasian</race>
<race_conf>0.845626</race_conf>
<loyalty>high</loyalty>
<loyalty_conf>0.766666666667</loyalty_conf>
</face>
</result>
