<?xml version="1.0" encoding="UTF-8"?>
<result>
<face>
<position>0.735417 0.407813 0.032292 0.062500</position>
<age>30-35</age>
<age_conf>0.524356</age_conf>
<gender>male</gender>
<gender_conf>0.615899</gender_conf>
<race>Caucasian</race>
<race_conf>0.995678</race_conf>
<loyalty>high</loyalty>
<loyalty_conf>0.8</loyalty_conf>
</face>
<face>
<position>0.527604 0.330469 0.049479 0.088281</position>
<age>0-20</age>
<age_conf>0.987666</age_conf>
<gender>male</gender>
<gender_conf>0.955486</gender_conf>
<race>African</race>
<race_conf>0.997839</race_conf>
<loyalty>high</loyalty>
<loyalty_conf>0.8</loyalty_conf>
</face>
<face>
<position>0.373437 0.328906 0.033854 0.064844</position>
<age>0-20</age>
<age_conf>0.916387</age_conf>
<gender>female</gender>
<gender_conf>0.999999</gender_conf>
<race>Caucasian</race>
<race_conf>0.992398</race_conf>
<loyalty>high</loyalty>
<loyalty_conf>0.7</loyalty_conf>
</face>
<face>
<position>0.664062 0.482812 0.033854 0.065625</position>
<age>35-40</age>
<age_conf>0.727361</age_conf>
<gender>male</gender>
<gender_conf>0.897037</gender_conf>
<race>Caucasian</race>
<race_conf>0.71518</race_conf>
<loyalty>high</loyalty>
<loyalty_conf>0.933333333333</loyalty_conf>
</face>
<face>
<position>0.292708 0.352344 0.039583 0.076563</position>
<age>0-20</age>
<age_conf>0.999958</age_conf>
<gender>female</gender>
<gender_conf>0.999939</gender_conf>
<race>African</race>
<race_conf>0.719747</race_conf>
<loyalty>high</loyalty>
<loyalty_conf>0.6</loyalty_conf>
</face>
<face>
<position>0.447917 0.430469 0.045833 0.087500</position>
<age>45-50</age>
<age_conf>0.749822</age_conf>
<gender>male</gender>
<gender_conf>0.976017</gender_conf>
<race>African</race>
<race_conf>0.884888</race_conf>
<loyalty>high</loyalty>
<loyalty_conf>1.0</loyalty_conf>
</face>
<face>
<position>0.344792 0.242188 0.039583 0.075781</position>
<age>40-45</age>
<age_conf>0.908637</age_conf>
<gender>female</gender>
<gender_conf>0.595867</gender_conf>
<race>African</race>
<race_conf>0.641926</race_conf>
<loyalty>high</loyalty>
<loyalty_conf>1.0</loyalty_conf>
</face>
</result>
