<?xml version="1.0" encoding="UTF-8"?>
<result>
<face>
<position>0.483854 0.253906 0.039583 0.077344</position>
<age>30-35</age>
<age_conf>0.472277</age_conf>
<gender>female</gender>
<gender_conf>0.999978</gender_conf>
<race>Asian</race>
<race_conf>0.645191</race_conf>
<loyalty>high</loyalty>
<loyalty_conf>0.833333333333</loyalty_conf>
</face>
<face>
<position>0.425521 0.239063 0.037500 0.075781</position>
<age>35-40</age>
<age_conf>0.791109</age_conf>
<gender>female</gender>
<gender_conf>0.999999</gender_conf>
<race>Hispanic</race>
<race_conf>0.717992</race_conf>
<loyalty>high</loyalty>
<loyalty_conf>0.733333333333</loyalty_conf>
</face>
<face>
<position>0.377083 0.210156 0.036458 0.075000</position>
<age>40-45</age>
<age_conf>0.514738</age_conf>
<gender>female</gender>
<gender_conf>0.926259</gender_conf>
<race>Caucasian</race>
<race_conf>0.9678</race_conf>
<loyalty>high</loyalty>
<loyalty_conf>0.966666666667</loyalty_conf>
</face>
</result>
