<?xml version="1.0" encoding="UTF-8"?>
<result>
<face>
<position>0.425521 0.247656 0.039583 0.080469</position>
<age>35-40</age>
<age_conf>0.958935</age_conf>
<gender>female</gender>
<gender_conf>1.0</gender_conf>
<race>Caucasian</race>
<race_conf>0.626664</race_conf>
<loyalty>middle</loyalty>
<loyalty_conf>0.1</loyalty_conf>
</face>
<face>
<position>0.263542 0.209375 0.031771 0.069531</position>
<age>20-25</age>
<age_conf>0.521793</age_conf>
<gender>male</gender>
<gender_conf>0.909269</gender_conf>
<race>Caucasian</race>
<race_conf>0.814651</race_conf>
<loyalty>high</loyalty>
<loyalty_conf>1.0</loyalty_conf>
</face>
<face>
<position>0.276042 0.234375 0.032813 0.056250</position>
<age>20-25</age>
<age_conf>0.52539</age_conf>
<gender>female</gender>
<gender_conf>0.998913</gender_conf>
<race>Asian</race>
<race_conf>0.922939</race_conf>
<loyalty>high</loyalty>
<loyalty_conf>0.233333333333</loyalty_conf>
</face>
</result>
