<?xml version="1.0" encoding="UTF-8"?>
<result>
<face>
<position>0.346354 0.291406 0.044271 0.082031</position>
<age>45-50</age>
<age_conf>0.82143</age_conf>
<gender>female</gender>
<gender_conf>1.0</gender_conf>
<race>Hispanic</race>
<race_conf>0.977087</race_conf>
<loyalty>middle</loyalty>
<loyalty_conf>0.25</loyalty_conf>
</face>
<face>
<position>0.250521 0.282031 0.058333 0.107813</position>
<age>40-45</age>
<age_conf>0.866569</age_conf>
<gender>male</gender>
<gender_conf>0.99288</gender_conf>
<race>Caucasian</race>
<race_conf>0.999746</race_conf>
<loyalty>middle</loyalty>
<loyalty_conf>0.3</loyalty_conf>
</face>
</result>
