<?xml version="1.0" encoding="UTF-8"?>
<result>
<face>
<position>0.359375 0.232813 0.040625 0.084375</position>
<age>0-20</age>
<age_conf>0.919153</age_conf>
<gender>female</gender>
<gender_conf>0.999883</gender_conf>
<race>Caucasian</race>
<race_conf>0.994932</race_conf>
<loyalty>high</loyalty>
<loyalty_conf>0.8</loyalty_conf>
</face>
<face>
<position>0.497396 0.280469 0.043750 0.080469</position>
<age>20-25</age>
<age_conf>0.536205</age_conf>
<gender>female</gender>
<gender_conf>1.0</gender_conf>
<race>African</race>
<race_conf>0.837949</race_conf>
<loyalty>high</loyalty>
<loyalty_conf>0.766666666667</loyalty_conf>
</face>
</result>
