<?xml version="1.0" encoding="UTF-8"?>
<result>
<face>
<position>0.400521 0.242188 0.049479 0.100000</position>
<age>30-35</age>
<age_conf>0.953931</age_conf>
<gender>male</gender>
<gender_conf>0.999998</gender_conf>
<race>Caucasian</race>
<race_conf>0.92471</race_conf>
<loyalty>low</loyalty>
<loyalty_conf>0.966666666667</loyalty_conf>
</face>
<face>
<position>0.488021 0.296875 0.044792 0.096875</position>
<age>20-25</age>
<age_conf>0.954537</age_conf>
<gender>female</gender>
<gender_conf>0.999999</gender_conf>
<race>Hispanic</race>
<race_conf>0.561826</race_conf>
<loyalty>high</loyalty>
<loyalty_conf>0.6</loyalty_conf>
</face>
</result>
