<?xml version="1.0" encoding="UTF-8"?>
<result>
<face>
<position>0.606771 0.274219 0.043229 0.080469</position>
<age>20-25</age>
<age_conf>0.401207</age_conf>
<gender>female</gender>
<gender_conf>0.999992</gender_conf>
<race>Caucasian</race>
<race_conf>0.998016</race_conf>
<loyalty>middle</loyalty>
<loyalty_conf>0.6</loyalty_conf>
</face>
<face>
<position>0.540625 0.399219 0.037500 0.075000</position>
<age>20-25</age>
<age_conf>0.764358</age_conf>
<gender>female</gender>
<gender_conf>0.884947</gender_conf>
<race>Caucasian</race>
<race_conf>0.999779</race_conf>
<loyalty>high</loyalty>
<loyalty_conf>0.633333333333</loyalty_conf>
</face>
<face>
<position>0.396354 0.234375 0.034896 0.065625</position>
<age>20-25</age>
<age_conf>0.683328</age_conf>
<gender>female</gender>
<gender_conf>0.997959</gender_conf>
<race>Caucasian</race>
<race_conf>0.934422</race_conf>
<loyalty>high</loyalty>
<loyalty_conf>1.0</loyalty_conf>
</face>
</result>
