<?xml version="1.0" encoding="UTF-8"?>
<result>
<face>
<position>0.539062 0.426563 0.042708 0.086719</position>
<age>0-20</age>
<age_conf>0.998968</age_conf>
<gender>female</gender>
<gender_conf>0.999218</gender_conf>
<race>African</race>
<race_conf>0.98825</race_conf>
<loyalty>high</loyalty>
<loyalty_conf>0.7</loyalty_conf>
</face>
<face>
<position>0.543229 0.231250 0.046875 0.089844</position>
<age>35-40</age>
<age_conf>0.850696</age_conf>
<gender>male</gender>
<gender_conf>0.902724</gender_conf>
<race>Caucasian</race>
<race_conf>0.998821</race_conf>
<loyalty>low</loyalty>
<loyalty_conf>0.866666666667</loyalty_conf>
</face>
<face>
<position>0.469792 0.290625 0.052083 0.103906</position>
<age>0-20</age>
<age_conf>0.972337</age_conf>
<gender>female</gender>
<gender_conf>0.995767</gender_conf>
<race>African</race>
<race_conf>0.997538</race_conf>
<loyalty>middle</loyalty>
<loyalty_conf>0.3</loyalty_conf>
</face>
<face>
<position>0.428646 0.495312 0.045833 0.095312</position>
<age>40-45</age>
<age_conf>0.710814</age_conf>
<gender>female</gender>
<gender_conf>0.992314</gender_conf>
<race>African</race>
<race_conf>0.998757</race_conf>
<loyalty>high</loyalty>
<loyalty_conf>0.833333333333</loyalty_conf>
</face>
<face>
<position>0.350521 0.598437 0.035937 0.062500</position>
<age>0-20</age>
<age_conf>0.997654</age_conf>
<gender>female</gender>
<gender_conf>0.992259</gender_conf>
<race>African</race>
<race_conf>0.981865</race_conf>
<loyalty>high</loyalty>
<loyalty_conf>1.0</loyalty_conf>
</face>
<face>
<position>0.372917 0.266406 0.041146 0.075781</position>
<age>30-35</age>
<age_conf>0.577719</age_conf>
<gender>female</gender>
<gender_conf>0.934069</gender_conf>
<race>Caucasian</race>
<race_conf>0.70963</race_conf>
<loyalty>high</loyalty>
<loyalty_conf>0.966666666667</loyalty_conf>
</face>
</result>
