<?xml version="1.0" encoding="UTF-8"?>
<result>
<face>
<position>0.242188 0.227344 0.047917 0.093750</position>
<age>20-25</age>
<age_conf>0.988796</age_conf>
<gender>male</gender>
<gender_conf>0.999866</gender_conf>
<race>Caucasian</race>
<race_conf>0.607367</race_conf>
<loyalty>high</loyalty>
<loyalty_conf>0.666666666667</loyalty_conf>
</face>
<face>
<position>0.341667 0.312500 0.045312 0.092969</position>
<age>40-45</age>
<age_conf>0.761729</age_conf>
<gender>female</gender>
<gender_conf>0.999638</gender_conf>
<race>African</race>
<race_conf>0.823756</race_conf>
<loyalty>high</loyalty>
<loyalty_conf>0.766666666667</loyalty_conf>
</face>
</result>
