<?xml version="1.0" encoding="UTF-8"?>
<result>
<face>
<position>0.264583 0.332031 0.031771 0.057813</position>
<age>30-35</age>
<age_conf>0.580533</age_conf>
<gender>female</gender>
<gender_conf>0.999837</gender_conf>
<race>Caucasian</race>
<race_conf>0.982307</race_conf>
<loyalty>high</loyalty>
<loyalty_conf>0.833333333333</loyalty_conf>
</face>
<face>
<position>0.466146 0.290625 0.033854 0.068750</position>
<age>30-35</age>
<age_conf>0.54679</age_conf>
<gender>female</gender>
<gender_conf>0.999326</gender_conf>
<race>Caucasian</race>
<race_conf>0.534866</race_conf>
<loyalty>middle</loyalty>
<loyalty_conf>0.8</loyalty_conf>
</face>
<face>
<position>0.539062 0.285156 0.041146 0.083594</position>
<age>35-40</age>
<age_conf>0.632581</age_conf>
<gender>female</gender>
<gender_conf>0.999918</gender_conf>
<race>Hispanic</race>
<race_conf>0.494419</race_conf>
<loyalty>high</loyalty>
<loyalty_conf>0.9</loyalty_conf>
</face>
<face>
<position>0.386458 0.307812 0.036979 0.068750</position>
<age>0-20</age>
<age_conf>0.93774</age_conf>
<gender>female</gender>
<gender_conf>0.979849</gender_conf>
<race>Hispanic</race>
<race_conf>0.776024</race_conf>
<loyalty>high</loyalty>
<loyalty_conf>0.966666666667</loyalty_conf>
</face>
<face>
<position>0.363542 0.323437 0.031771 0.067187</position>
<age>0-20</age>
<age_conf>0.842022</age_conf>
<gender>female</gender>
<gender_conf>0.999148</gender_conf>
<race>African</race>
<race_conf>0.897782</race_conf>
<loyalty>high</loyalty>
<loyalty_conf>0.8</loyalty_conf>
</face>
</result>
