<?xml version="1.0" encoding="UTF-8"?>
<result>
<face>
<position>0.500000 0.291406 0.032292 0.062500</position>
<age>25-30</age>
<age_conf>0.704128</age_conf>
<gender>female</gender>
<gender_conf>1.0</gender_conf>
<race>African</race>
<race_conf>0.85122</race_conf>
<loyalty>middle</loyalty>
<loyalty_conf>0.25</loyalty_conf>
</face>
<face>
<position>0.606250 0.214844 0.045833 0.091406</position>
<age>30-35</age>
<age_conf>0.89993</age_conf>
<gender>male</gender>
<gender_conf>0.999615</gender_conf>
<race>Asian</race>
<race_conf>0.865123</race_conf>
<loyalty>low</loyalty>
<loyalty_conf>0.966666666667</loyalty_conf>
</face>
<face>
<position>0.397917 0.307812 0.045312 0.085156</position>
<age>40-45</age>
<age_conf>0.933523</age_conf>
<gender>female</gender>
<gender_conf>0.99998</gender_conf>
<race>Hispanic</race>
<race_conf>0.937061</race_conf>
<loyalty>middle</loyalty>
<loyalty_conf>0.25</loyalty_conf>
</face>
</result>
